"GENC","Country/Area Name","Year","GROUP","Population","% of Population","Male Population","% of Males","Female Population","% of Females","Sex ratio of the population"
"LC","Saint Lucia","1991","TOTAL","139171","100","68157","100","71014","100","0.9597684963528318"
"LC","Saint Lucia","1991","0 - 4","17072","12.266923425138858","8568","12.570975835204015","8504","11.975103500718168","1.0075258701787395"
"LC","Saint Lucia","1991","5 - 9","18175","13.059473597229307","9063","13.297240195431137","9112","12.831272706790212","0.994622475856014"
"LC","Saint Lucia","1991","10 - 14","16470","11.8343620438166","8375","12.287806094751822","8095","11.399160728870363","1.0345892526250773"
"LC","Saint Lucia","1991","15 - 19","15723","11.29761228991672","7899","11.5894185483516","7824","11.017545836032332","1.009585889570552"
"LC","Saint Lucia","1991","20 - 24","14119","10.14507332705808","7039","10.327625922502458","7080","9.969865097023122","0.9942090395480226"
"LC","Saint Lucia","1991","25 - 29","11880","8.536261146359514","5801","8.511231421570784","6079","8.560283887684118","0.9542687942095739"
"LC","Saint Lucia","1991","30 - 34","8964","6.440997046798542","4310","6.323635136523027","4654","6.55363731095277","0.9260850880962613"
"LC","Saint Lucia","1991","35 - 39","7183","5.161276415345151","3481","5.107325733233563","3702","5.213056580392599","0.9403025391680173"
"LC","Saint Lucia","1991","40 - 44","5448","3.9146086469163834","2614","3.8352627022903008","2834","3.990762384881854","0.9223712067748765"
"LC","Saint Lucia","1991","45 - 49","4472","3.2133131183939185","2138","3.136875155890077","2334","3.286675866730504","0.9160239931448158"
"LC","Saint Lucia","1991","50 - 54","3829","2.751291576549712","1831","2.686444532476488","1998","2.8135297265327965","0.9164164164164165"
"LC","Saint Lucia","1991","55 - 59","3351","2.4078292172938327","1547","2.269759525800725","1804","2.5403441574900723","0.8575388026607539"
"LC","Saint Lucia","1991","60 - 64","3198","2.2978925207119296","1429","2.0966298399284007","1769","2.491058101219478","0.8078010175240249"
"LC","Saint Lucia","1991","65 - 69","2810","2.019098806504229","1259","1.8472057162140354","1551","2.1840763793054894","0.8117343649258543"
"LC","Saint Lucia","1991","70 - 74","2343","1.6835403927542374","1077","1.5801751837668914","1266","1.7827470639592193","0.8507109004739336"
"LC","Saint Lucia","1991","75 - 79","1787","1.2840318744566037","802","1.176694983640712","985","1.3870504407581605","0.8142131979695432"
"LC","Saint Lucia","1991","80 - 84","1305","0.9376953531985831","546","0.8010915973414323","759","1.06880333455375","0.7193675889328063"
"LC","Saint Lucia","1991","85 - 89","770","0.5532761854121907","294","0.4313570139530789","476","0.6702903652800857","0.6176470588235294"
"LC","Saint Lucia","1991","90 - 94","236","0.1695755581263338","76","0.11150725530759864","160","0.22530768580843216","0.475"
"LC","Saint Lucia","1991","95 - 99","34","0.02443037701820063","8","0.011737605821852487","26","0.03661249894387022","0.3076923076923077"
"LC","Saint Lucia","1991","100+","2","0.0014370810010706254","0","0","2","0.0028163460726054017","0"
"LC","Saint Lucia","1992","TOTAL","140992","100","69078","100","71914","100","0.9605640070083711"
"LC","Saint Lucia","1992","0 - 4","16894","11.98224012709941","8517","12.329540519412838","8377","11.648635870623245","1.0167124268831325"
"LC","Saint Lucia","1992","5 - 9","18211","12.916335678620063","9041","13.088103303511971","9170","12.75134188057958","0.9859323882224645"
"LC","Saint Lucia","1992","10 - 14","16440","11.660236041761236","8380","12.131213989982339","8060","11.20783157660539","1.0397022332506203"
"LC","Saint Lucia","1992","15 - 19","15755","11.174392873354517","7928","11.476881206751788","7827","10.88383346775315","1.012904050083046"
"LC","Saint Lucia","1992","20 - 24","14141","10.029647072174308","7046","10.200063696111641","7095","9.865950997024225","0.9930937279774489"
"LC","Saint Lucia","1992","25 - 29","12149","8.616800953245573","5939","8.597527432757172","6210","8.635314403315071","0.9563607085346216"
"LC","Saint Lucia","1992","30 - 34","9441","6.6961246028143435","4542","6.5751758881264655","4899","6.812303584837445","0.9271279853031231"
"LC","Saint Lucia","1992","35 - 39","7436","5.274058102587381","3594","5.202814210023451","3842","5.342492421503462","0.9354502863092139"
"LC","Saint Lucia","1992","40 - 44","5808","4.119382660009078","2793","4.043255450360462","3015","4.1925077175515195","0.9263681592039801"
"LC","Saint Lucia","1992","45 - 49","4625","3.2803279618701766","2209","3.1978343322041747","2416","3.3595683733348167","0.9143211920529801"
"LC","Saint Lucia","1992","50 - 54","3940","2.794484793463459","1883","2.7259040504936447","2057","2.860360986734155","0.91541079241614"
"LC","Saint Lucia","1992","55 - 59","3408","2.4171584203359053","1583","2.291612380207881","1825","2.5377534277053146","0.8673972602739726"
"LC","Saint Lucia","1992","60 - 64","3209","2.2760156604630053","1447","2.0947334896783345","1762","2.450148788831104","0.8212258796821793"
"LC","Saint Lucia","1992","65 - 69","2871","2.036285746709033","1287","1.8631112655259272","1584","2.202630920265873","0.8125"
"LC","Saint Lucia","1992","70 - 74","2385","1.6915853381752155","1084","1.5692405686325603","1301","1.8091053202436245","0.8332052267486548"
"LC","Saint Lucia","1992","75 - 79","1841","1.3057478438492964","834","1.2073308433944239","1007","1.4002836721639738","0.8282025819265144"
"LC","Saint Lucia","1992","80 - 84","1346","0.9546640944167045","569","0.8237065346419988","777","1.080457212781934","0.7323037323037324"
"LC","Saint Lucia","1992","85 - 89","793","0.5624432591920109","307","0.4444251425924317","486","0.6758072141724838","0.6316872427983539"
"LC","Saint Lucia","1992","90 - 94","260","0.18440762596459373","86","0.124496945481919","174","0.24195566927162998","0.4942528735632184"
"LC","Saint Lucia","1992","95 - 99","36","0.025533363595097596","9","0.013028750108572918","27","0.03754484523180465","0.3333333333333333"
"LC","Saint Lucia","1992","100+","3","0.0021277802995914663","0","0","3","0.004171649470200518","0"
"LC","Saint Lucia","1993","TOTAL","142793","100","69975","100","72818","100","0.9609574555741712"
"LC","Saint Lucia","1993","0 - 4","16823","11.781389844039975","8536","12.198642372275813","8287","11.380427916174572","1.0300470616628454"
"LC","Saint Lucia","1993","5 - 9","18019","12.618965915696148","8934","12.767416934619508","9085","12.476310802274163","0.9833791964777105"
"LC","Saint Lucia","1993","10 - 14","16549","11.589503687155533","8413","12.022865309038941","8136","11.173061605646955","1.0340462143559488"
"LC","Saint Lucia","1993","15 - 19","15775","11.047460309679046","7952","11.364058592354413","7823","10.743222829520175","1.0164898376581875"
"LC","Saint Lucia","1993","20 - 24","14119","9.887739595078191","7026","10.040728831725616","7093","9.740723447499244","0.9905540673903849"
"LC","Saint Lucia","1993","25 - 29","12374","8.66569089521195","6062","8.66309396212933","6312","8.668186437419319","0.9603929024081115"
"LC","Saint Lucia","1993","30 - 34","9941","6.961825859811055","4781","6.832440157198999","5160","7.086160015380813","0.9265503875968992"
"LC","Saint Lucia","1993","35 - 39","7660","5.364408619470142","3688","5.270453733476241","3972","5.4546952676536025","0.9284994964753273"
"LC","Saint Lucia","1993","40 - 44","6204","4.344750793106105","2993","4.277241872097178","3211","4.409623994067401","0.932108377452507"
"LC","Saint Lucia","1993","45 - 49","4801","3.362209632124824","2288","3.2697391925687747","2513","3.4510697904364305","0.9104655789892558"
"LC","Saint Lucia","1993","50 - 54","4051","2.836973801236755","1936","2.7667023937120403","2115","2.9045016342113215","0.9153664302600473"
"LC","Saint Lucia","1993","55 - 59","3491","2.444797714173664","1631","2.3308324401571987","1860","2.5543134939163394","0.8768817204301075"
"LC","Saint Lucia","1993","60 - 64","3206","2.245208098436198","1457","2.0821722043586997","1749","2.4018786563761707","0.8330474556889651"
"LC","Saint Lucia","1993","65 - 69","2934","2.054722570434125","1318","1.8835298320828868","1616","2.2192315086929053","0.8155940594059405"
"LC","Saint Lucia","1993","70 - 74","2430","1.7017640920773427","1092","1.5605573419078242","1338","1.837457771430141","0.8161434977578476"
"LC","Saint Lucia","1993","75 - 79","1894","1.3263955516026695","860","1.2290103608431584","1034","1.4199785767255348","0.8317214700193424"
"LC","Saint Lucia","1993","80 - 84","1383","0.9685348721575988","590","0.8431582708110039","793","1.0890164519761598","0.7440100882723834"
"LC","Saint Lucia","1993","85 - 89","815","0.5707562695650347","315","0.45016077170418006","500","0.686643412343102","0.63"
"LC","Saint Lucia","1993","90 - 94","278","0.1946874146491775","92","0.13147552697391926","186","0.255431349391634","0.4946236559139785"
"LC","Saint Lucia","1993","95 - 99","43","0.03011352097091594","11","0.015719899964272952","32","0.043945178389958525","0.34375"
"LC","Saint Lucia","1993","100+","3","0.002100943323552275","0","0","3","0.004119860474058612","0"
"LC","Saint Lucia","1994","TOTAL","144636","100","70905","100","73731","100","0.9616714814664117"
"LC","Saint Lucia","1994","0 - 4","17105","11.826239663707513","8739","12.324941823566745","8366","11.34665201882519","1.0445852259144155"
"LC","Saint Lucia","1994","5 - 9","17437","12.055781409884123","8670","12.227628517029828","8767","11.890520947769595","0.9889357819094331"
"LC","Saint Lucia","1994","10 - 14","16815","11.62573633120385","8479","11.958254001833438","8336","11.30596357027573","1.017154510556622"
"LC","Saint Lucia","1994","15 - 19","15713","10.863823667689925","7935","11.191030251745293","7778","10.549158427255835","1.0201851375674982"
"LC","Saint Lucia","1994","20 - 24","14079","9.734091097652037","7000","9.87236443128129","7079","9.601117576053491","0.98884023167114"
"LC","Saint Lucia","1994","25 - 29","12560","8.683868469813879","6163","8.691911712855228","6397","8.676133512362506","0.9634203532906049"
"LC","Saint Lucia","1994","30 - 34","10409","7.1966868552780765","5008","7.062971581693815","5401","7.325277020520541","0.9272356970931309"
"LC","Saint Lucia","1994","35 - 39","7917","5.473740977350038","3802","5.362104223961639","4115","5.581098859367159","0.9239368165249089"
"LC","Saint Lucia","1994","40 - 44","6594","4.559030946652285","3185","4.491925816232987","3409","4.623564036836609","0.9342915811088296"
"LC","Saint Lucia","1994","45 - 49","5006","3.4611023534942893","2382","3.359424582187434","2624","3.558882966459156","0.9077743902439024"
"LC","Saint Lucia","1994","50 - 54","4169","2.8824082524406096","1989","2.805161836259784","2180","2.956693927927195","0.9123853211009174"
"LC","Saint Lucia","1994","55 - 59","3586","2.4793274150280706","1690","2.383470841266483","1896","2.5715099483256703","0.8913502109704642"
"LC","Saint Lucia","1994","60 - 64","3223","2.2283525539976217","1472","2.076017206120866","1751","2.3748491136699625","0.8406624785836665"
"LC","Saint Lucia","1994","65 - 69","2987","2.065184324787743","1344","1.895493970806008","1643","2.228370698891918","0.8180158247108947"
"LC","Saint Lucia","1994","70 - 74","2483","1.716723360712409","1112","1.568295606797828","1371","1.859462098710176","0.8110867979576951"
"LC","Saint Lucia","1994","75 - 79","1940","1.341298155369341","882","1.2439179183414428","1058","1.43494595217751","0.833648393194707"
"LC","Saint Lucia","1994","80 - 84","1432","0.99007162808706","616","0.8687680699527536","816","1.1067258005452252","0.7549019607843137"
"LC","Saint Lucia","1994","85 - 89","835","0.577311319450206","325","0.4583597771666314","510","0.6917036253407658","0.6372549019607843"
"LC","Saint Lucia","1994","90 - 94","292","0.20188611410713792","97","0.13680276426204077","195","0.26447491557146924","0.49743589743589745"
"LC","Saint Lucia","1994","95 - 99","50","0.034569540086838685","15","0.02115506663845991","35","0.04746985664103295","0.42857142857142855"
"LC","Saint Lucia","1994","100+","4","0.0027655632069470944","0","0","4","0.005425126473260908","0"
"LC","Saint Lucia","1995","TOTAL","146497","100","71851","100","74646","100","0.9625566004876349"
"LC","Saint Lucia","1995","0 - 4","17465","11.921745837798726","8975","12.491127472129824","8490","11.37368378747689","1.0571260306242638"
"LC","Saint Lucia","1995","5 - 9","16716","11.410472569404153","8351","11.622663567660855","8365","11.206226723468102","0.998326359832636"
"LC","Saint Lucia","1995","10 - 14","17320","11.822767701727681","8672","12.069421441594411","8648","11.585349516384","1.0027752081406105"
"LC","Saint Lucia","1995","15 - 19","15490","10.573595363727586","7832","10.90033541634772","7658","10.259089569434398","1.0227213371637502"
"LC","Saint Lucia","1995","20 - 24","14066","9.601561806726417","6990","9.72846585294568","7076","9.47940947940948","0.9878462408140192"
"LC","Saint Lucia","1995","25 - 29","12711","8.676628190338368","6239","8.68324727561203","6472","8.670256946119014","0.9639987639060569"
"LC","Saint Lucia","1995","30 - 34","10788","7.3639733236858085","5196","7.231632127597389","5592","7.4913592154971465","0.9291845493562232"
"LC","Saint Lucia","1995","35 - 39","8230","5.617862481825566","3943","5.487745473271074","4287","5.743107467245398","0.9197574061114999"
"LC","Saint Lucia","1995","40 - 44","6947","4.742076629555554","3355","4.6693852555983915","3592","4.8120461913565356","0.9340200445434298"
"LC","Saint Lucia","1995","45 - 49","5254","3.586421564946723","2505","3.486381539574954","2749","3.6827157516812687","0.9112404510731175"
"LC","Saint Lucia","1995","50 - 54","4312","2.9434049844024113","2048","2.850343071077647","2264","3.0329823433271708","0.9045936395759717"
"LC","Saint Lucia","1995","55 - 59","3683","2.5140446562045637","1746","2.430028809619908","1937","2.594914663880181","0.9013939081053175"
"LC","Saint Lucia","1995","60 - 64","3248","2.2171102479914264","1492","2.076519463890551","1756","2.352436835195456","0.8496583143507973"
"LC","Saint Lucia","1995","65 - 69","3026","2.0655713086274807","1364","1.8983730219481982","1662","2.226509123060847","0.8206979542719615"
"LC","Saint Lucia","1995","70 - 74","2535","1.7304108616558702","1133","1.5768743650053583","1402","1.8781984299225678","0.8081312410841655"
"LC","Saint Lucia","1995","75 - 79","1996","1.3624852386055688","906","1.2609427843732168","1090","1.4602255981566326","0.8311926605504587"
"LC","Saint Lucia","1995","80 - 84","1479","1.0095769879246674","643","0.8949075169447885","836","1.1199528440907751","0.7691387559808612"
"LC","Saint Lucia","1995","85 - 89","861","0.5877253459115204","339","0.4718097173317003","522","0.6993006993006993","0.6494252873563219"
"LC","Saint Lucia","1995","90 - 94","308","0.2102432131716008","105","0.14613575315583638","203","0.27195027195027194","0.5172413793103449"
"LC","Saint Lucia","1995","95 - 99","57","0.038908646593445596","16","0.022268305242794117","41","0.054925916994882515","0.3902439024390244"
"LC","Saint Lucia","1995","100+","5","0.0034130391748636493","1","0.0013917690776746323","4","0.00535862604828122","0.25"
"LC","Saint Lucia","1996","TOTAL","148174","100","72664","100","75510","100","0.9623096278638591"
"LC","Saint Lucia","1996","0 - 4","17408","11.748349912940192","8951","12.318341957503028","8457","11.19984108065157","1.058413148870758"
"LC","Saint Lucia","1996","5 - 9","16324","11.01677757231363","8188","11.268303423978862","8136","10.774731823599524","1.0063913470993118"
"LC","Saint Lucia","1996","10 - 14","17576","11.861730128092649","8759","12.054112077507432","8817","11.676599125943584","0.993421798797777"
"LC","Saint Lucia","1996","15 - 19","15401","10.393861271208173","7796","10.728834085654519","7605","10.071513706793803","1.0251150558842868"
"LC","Saint Lucia","1996","20 - 24","14081","9.503016723581736","7001","9.634757238797755","7080","9.376241557409614","0.9888418079096045"
"LC","Saint Lucia","1996","25 - 29","12802","8.63984234751036","6286","8.650776175272487","6516","8.629320619785458","0.9647022713321056"
"LC","Saint Lucia","1996","30 - 34","11096","7.488493257926492","5351","7.3640317075856","5745","7.608263806118395","0.9314186248912097"
"LC","Saint Lucia","1996","35 - 39","8627","5.82220902452522","4124","5.675437630738743","4503","5.963448549860946","0.9158338885187652"
"LC","Saint Lucia","1996","40 - 44","7249","4.8922213073818615","3496","4.81118573158648","3753","4.970202622169249","0.9315214495070611"
"LC","Saint Lucia","1996","45 - 49","5565","3.7557196269251016","2662","3.6634371903556096","2903","3.8445239041186596","0.9169824319669307"
"LC","Saint Lucia","1996","50 - 54","4453","3.0052505837731314","2112","2.906528679951558","2341","3.100251622301682","0.9021785561725758"
"LC","Saint Lucia","1996","55 - 59","3783","2.5530794876294087","1798","2.474402730375427","1985","2.628790888624023","0.9057934508816121"
"LC","Saint Lucia","1996","60 - 64","3303","2.2291360157652487","1527","2.101453264339976","1776","2.3520063567739373","0.8597972972972973"
"LC","Saint Lucia","1996","65 - 69","3050","2.0583908108035147","1374","1.8908950787184848","1676","2.219573566415044","0.8198090692124105"
"LC","Saint Lucia","1996","70 - 74","2592","1.7492947480664625","1158","1.5936364637234395","1434","1.8990862137465239","0.8075313807531381"
"LC","Saint Lucia","1996","75 - 79","2046","1.3808090488209808","923","1.270230100187163","1123","1.4872202357303668","0.8219056099732859"
"LC","Saint Lucia","1996","80 - 84","1532","1.0339195810331099","671","0.9234283826929429","861","1.1402463249900674","0.7793263646922184"
"LC","Saint Lucia","1996","85 - 89","895","0.6040195985800477","357","0.49130243311681165","538","0.7124884121308436","0.6635687732342007"
"LC","Saint Lucia","1996","90 - 94","320","0.21596231457610646","110","0.1513817020808103","210","0.27810885975367505","0.5238095238095238"
"LC","Saint Lucia","1996","95 - 99","65","0.043867345148271626","19","0.026147748541230868","46","0.06091908356509072","0.41304347826086957"
"LC","Saint Lucia","1996","100+","6","0.004049293398301996","1","0.00137619729164373","5","0.006621639517944643","0.2"
"LC","Saint Lucia","1997","TOTAL","149717","100","73385","100","76332","100","0.9613923387308075"
"LC","Saint Lucia","1997","0 - 4","17167","11.466299752199149","8791","11.979287320297063","8376","10.973117434365665","1.0495463228271251"
"LC","Saint Lucia","1997","5 - 9","16143","10.782342686535264","8135","11.085371669959802","8008","10.491012943457529","1.0158591408591409"
"LC","Saint Lucia","1997","10 - 14","17611","11.762859261139349","8736","11.904340124003543","8875","11.626840643504691","0.9843380281690141"
"LC","Saint Lucia","1997","15 - 19","15372","10.267371106821537","7801","10.630237787013694","7571","9.918513860504113","1.0303790780610222"
"LC","Saint Lucia","1997","20 - 24","14108","9.423111603892679","7030","9.579614362608162","7078","9.272651050673373","0.9932184232834134"
"LC","Saint Lucia","1997","25 - 29","12822","8.564157710881195","6292","8.573959255978743","6530","8.55473458051669","0.963552833078101"
"LC","Saint Lucia","1997","30 - 34","11361","7.5883166240306705","5491","7.482455542685836","5870","7.6900906566053555","0.9354344122657581"
"LC","Saint Lucia","1997","35 - 39","9101","6.0788020064521735","4354","5.9330925938543295","4747","6.2188859194047055","0.9172108700231725"
"LC","Saint Lucia","1997","40 - 44","7501","5.010119091352352","3607","4.915173400558697","3894","5.101399151076875","0.926296866974833"
"LC","Saint Lucia","1997","45 - 49","5933","3.962809834554526","2843","3.8740887102268853","3090","4.048105643766704","0.9200647249190939"
"LC","Saint Lucia","1997","50 - 54","4600","3.0724633809119872","2185","2.9774477072971317","2415","3.1638107215846567","0.9047619047619048"
"LC","Saint Lucia","1997","55 - 59","3870","2.5848768008976934","1833","2.4977856510186003","2037","2.6686055651627103","0.8998527245949927"
"LC","Saint Lucia","1997","60 - 64","3383","2.2595964386141856","1569","2.138039108809702","1814","2.3764607242047897","0.8649393605292172"
"LC","Saint Lucia","1997","65 - 69","3075","2.0538749774574696","1397","1.9036587858554201","1678","2.1982916732169993","0.8325387365911799"
"LC","Saint Lucia","1997","70 - 74","2657","1.7746815658876414","1183","1.6120460584588132","1474","1.931038096735314","0.8025780189959294"
"LC","Saint Lucia","1997","75 - 79","2089","1.3952991310272047","930","1.2672889555086189","1159","1.518367133050359","0.8024158757549612"
"LC","Saint Lucia","1997","80 - 84","1579","1.0546564518391366","696","0.9484227021870955","883","1.1567887648692554","0.7882219705549264"
"LC","Saint Lucia","1997","85 - 89","929","0.620504017579834","373","0.5082782584996934","556","0.7283970025677304","0.670863309352518"
"LC","Saint Lucia","1997","90 - 94","338","0.22575926581483732","117","0.15943312666076173","221","0.28952470785515905","0.5294117647058824"
"LC","Saint Lucia","1997","95 - 99","72","0.048090731179491975","21","0.028616202221162363","51","0.06681339412042132","0.4117647058823529"
"LC","Saint Lucia","1997","100+","6","0.004007560931624331","1","0.0013626762962458269","5","0.006550332756904051","0.2"
"LC","Saint Lucia","1998","TOTAL","151024","100","73998","100","77026","100","0.9606885986549996"
"LC","Saint Lucia","1998","0 - 4","16711","11.065128721262846","8547","11.550312170599206","8164","10.5990185132293","1.0469132778049977"
"LC","Saint Lucia","1998","5 - 9","16076","10.644665748490306","8156","11.021919511338146","7920","10.28224235972269","1.0297979797979797"
"LC","Saint Lucia","1998","10 - 14","17420","11.534590528657697","8631","11.663828752128435","8789","11.410432840858931","0.9820229832745477"
"LC","Saint Lucia","1998","15 - 19","15481","10.250688632270368","7833","10.585421227600746","7648","9.929114844338276","1.0241893305439331"
"LC","Saint Lucia","1998","20 - 24","14118","9.348183070240491","7048","9.524581745452581","7070","9.178718874146393","0.9968882602545969"
"LC","Saint Lucia","1998","25 - 29","12809","8.481433414556626","6279","8.485364469309982","6530","8.477656895074391","0.96156202143951"
"LC","Saint Lucia","1998","30 - 34","11578","7.666331179150333","5607","7.577231817076137","5971","7.751927920442448","0.9390386869871044"
"LC","Saint Lucia","1998","35 - 39","9589","6.349321962072254","4590","6.202870347847239","4999","6.490016358112845","0.9181836367273455"
"LC","Saint Lucia","1998","40 - 44","7722","5.113094607479606","3699","4.998783750912187","4023","5.222911744086412","0.9194630872483222"
"LC","Saint Lucia","1998","45 - 49","6332","4.192711092276724","3042","4.110921916808563","3290","4.271285020642381","0.9246200607902736"
"LC","Saint Lucia","1998","50 - 54","4765","3.1551276618285837","2257","3.0500824346603963","2508","3.2560434139121854","0.8999202551834131"
"LC","Saint Lucia","1998","55 - 59","3967","2.6267348236041954","1879","2.539257817778859","2088","2.710772985745073","0.899904214559387"
"LC","Saint Lucia","1998","60 - 64","3462","2.292350884627609","1609","2.174383091434904","1853","2.405681198556332","0.8683216405828387"
"LC","Saint Lucia","1998","65 - 69","3096","2.0500052971713103","1410","1.905456904240655","1686","2.1888712902136938","0.8362989323843416"
"LC","Saint Lucia","1998","70 - 74","2722","1.802362538404492","1213","1.6392334927971028","1509","1.9590787526289823","0.803843605036448"
"LC","Saint Lucia","1998","75 - 79","2141","1.4176554719779637","943","1.2743587664531475","1198","1.5553189832004777","0.7871452420701168"
"LC","Saint Lucia","1998","80 - 84","1630","1.079298654518487","718","0.9702964944998513","912","1.1840157868771584","0.7872807017543859"
"LC","Saint Lucia","1998","85 - 89","963","0.6376469965038669","390","0.5270412713857131","573","0.7439046555708462","0.680628272251309"
"LC","Saint Lucia","1998","90 - 94","356","0.2357241233181481","123","0.16622070866780184","233","0.30249526134032667","0.5278969957081545"
"LC","Saint Lucia","1998","95 - 99","79","0.0523095666913868","23","0.031081921133003593","56","0.07270272375561498","0.4107142857142857"
"LC","Saint Lucia","1998","100+","7","0.0046350248967051595","1","0.0013513878753479824","6","0.007789577545244463","0.16666666666666666"
"LC","Saint Lucia","1999","TOTAL","152116","100","74505","100","77611","100","0.9599798997564778"
"LC","Saint Lucia","1999","0 - 4","15993","10.513686923137605","8160","10.952285081538152","7833","10.092641507002874","1.041746457296055"
"LC","Saint Lucia","1999","5 - 9","16346","10.745746667017277","8356","11.21535467418294","7990","10.294932419373543","1.0458072590738423"
"LC","Saint Lucia","1999","10 - 14","16847","11.07510058113545","8373","11.238171934769477","8474","10.9185553594207","0.9880811895208874"
"LC","Saint Lucia","1999","15 - 19","15745","10.3506534486839","7897","10.59928863834642","7848","10.111968664235741","1.006243628950051"
"LC","Saint Lucia","1999","20 - 24","14057","9.240973993531252","7030","9.435608348432991","7027","9.054128925023514","1.0004269247189412"
"LC","Saint Lucia","1999","25 - 29","12778","8.40016829261879","6259","8.400778471243541","6519","8.39958253340377","0.9601165822978984"
"LC","Saint Lucia","1999","30 - 34","11758","7.729627389623708","5701","7.651835447285417","6057","7.804306090631482","0.9412250288921908"
"LC","Saint Lucia","1999","35 - 39","10052","6.608114859712325","4815","6.462653513187035","5237","6.747754828568116","0.9194195149894978"
"LC","Saint Lucia","1999","40 - 44","7970","5.239422545951774","3812","5.116435138581303","4158","5.357487984950587","0.9167869167869168"
"LC","Saint Lucia","1999","45 - 49","6713","4.413079491966657","3229","4.333937319642977","3484","4.489054386620453","0.9268082663605052"
"LC","Saint Lucia","1999","50 - 54","4969","3.266586026453496","2350","3.1541507281390513","2619","3.3745216528584865","0.8972890416189385"
"LC","Saint Lucia","1999","55 - 59","4076","2.6795340398117227","1927","2.586403597074022","2149","2.768937392895337","0.896696137738483"
"LC","Saint Lucia","1999","60 - 64","3542","2.3284861553025324","1654","2.2199852358902086","1888","2.4326448570434605","0.8760593220338984"
"LC","Saint Lucia","1999","65 - 69","3132","2.0589550080201953","1427","1.9153076974699683","1705","2.1968535388024892","0.836950146627566"
"LC","Saint Lucia","1999","70 - 74","2779","1.8268952641405243","1238","1.6616334474196364","1541","1.9855432863898157","0.8033744321868916"
"LC","Saint Lucia","1999","75 - 79","2198","1.444949906650188","965","1.2952150862358232","1233","1.5886923245416245","0.7826439578264396"
"LC","Saint Lucia","1999","80 - 84","1683","1.1063924899418864","743","0.9972485068116235","940","1.211168519926299","0.7904255319148936"
"LC","Saint Lucia","1999","85 - 89","1011","0.6646243656157143","413","0.5543252130729481","598","0.7705093350169435","0.6906354515050167"
"LC","Saint Lucia","1999","90 - 94","371","0.24389281863840753","129","0.17314274209784578","242","0.3118114700235791","0.5330578512396694"
"LC","Saint Lucia","1999","95 - 99","88","0.05785058770937969","25","0.03355479498020267","63","0.08117406037803919","0.3968253968253968"
"LC","Saint Lucia","1999","100+","8","0.005259144337216335","2","0.002684383598416214","6","0.00773086289314659","0.3333333333333333"
"LC","Saint Lucia","2000","TOTAL","153305","100","75067","100","78238","100","0.9594698228482323"
"LC","Saint Lucia","2000","0 - 4","15270","9.960536186034377","7764","10.342760467315864","7506","9.593803522584933","1.0343725019984014"
"LC","Saint Lucia","2000","5 - 9","16687","10.884837415609407","8583","11.433785818002583","8104","10.358137989212404","1.059106614017769"
"LC","Saint Lucia","2000","10 - 14","16145","10.531293826033071","8062","10.739739166344732","8083","10.331296812290702","0.9974019547197822"
"LC","Saint Lucia","2000","15 - 19","16229","10.586086559472946","8080","10.763717745480704","8149","10.415654796901762","0.9915327033991901"
"LC","Saint Lucia","2000","20 - 24","13848","9.032973484230782","6932","9.234417253919831","6916","8.83969426621335","1.0023134759976866"
"LC","Saint Lucia","2000","25 - 29","12776","8.333713838426664","6255","8.332556249750223","6521","8.334824509828984","0.959208710320503"
"LC","Saint Lucia","2000","30 - 34","11907","7.766869965102247","5777","7.6957917593616365","6130","7.8350673585725605","0.9424143556280588"
"LC","Saint Lucia","2000","35 - 39","10436","6.807344835458726","5004","6.666044999800179","5432","6.942917763746517","0.9212076583210603"
"LC","Saint Lucia","2000","40 - 44","8278","5.3996934216105155","3953","5.265962406916488","4325","5.528004294588308","0.9139884393063584"
"LC","Saint Lucia","2000","45 - 49","7056","4.602589608949479","3396","4.5239585969866924","3660","4.6780336920677925","0.9278688524590164"
"LC","Saint Lucia","2000","50 - 54","5227","3.4095430677407776","2477","3.2997189177667954","2750","3.5149160254607734","0.9007272727272727"
"LC","Saint Lucia","2000","55 - 59","4216","2.7500733831251427","1982","2.640307991527569","2234","2.8553899639561338","0.8871978513876455"
"LC","Saint Lucia","2000","60 - 64","3627","2.3658719546003066","1706","2.2726364447760004","1921","2.4553286126945983","0.888079125455492"
"LC","Saint Lucia","2000","65 - 69","3178","2.072991748475262","1450","1.9316077637310671","1728","2.2086454152713513","0.8391203703703703"
"LC","Saint Lucia","2000","70 - 74","2841","1.8531685202700499","1270","1.6918219723713483","1571","2.007975663999591","0.8084022915340547"
"LC","Saint Lucia","2000","75 - 79","2261","1.474837741756629","993","1.3228182823344479","1268","1.6206958255579131","0.7831230283911672"
"LC","Saint Lucia","2000","80 - 84","1754","1.144124457780242","775","1.032411046132122","979","1.2513101050640354","0.7916241062308478"
"LC","Saint Lucia","2000","85 - 89","1063","0.6933889957927009","437","0.5821466156899836","626","0.8001227025230706","0.6980830670926518"
"LC","Saint Lucia","2000","90 - 94","400","0.2609177782851179","141","0.18783220323177963","259","0.33104118203430555","0.5444015444015444"
"LC","Saint Lucia","2000","95 - 99","95","0.061967972342715505","28","0.03730001198928957","67","0.08563613589304431","0.417910447761194"
"LC","Saint Lucia","2000","100+","11","0.007175238902840743","2","0.002664286570663541","9","0.011503361537871622","0.2222222222222222"
"LC","Saint Lucia","2001","TOTAL","154404","100","75587","100","78817","100","0.9590189933643757"
"LC","Saint Lucia","2001","0 - 4","14641","9.482267298774644","7463","9.873390927011258","7178","9.107172310542142","1.039704653106715"
"LC","Saint Lucia","2001","5 - 9","16624","10.766560451801768","8549","11.310145924563749","8075","10.245251658906074","1.0586996904024768"
"LC","Saint Lucia","2001","10 - 14","15753","10.202455894925002","7899","10.450209692142828","7854","9.96485529771496","1.005729564553094"
"LC","Saint Lucia","2001","15 - 19","16477","10.671355664361027","8163","10.799476100387633","8314","10.548485732773386","0.9818378638441183"
"LC","Saint Lucia","2001","20 - 24","13766","8.915572135436905","6895","9.121938957757287","6871","8.71766243323141","1.0034929413476932"
"LC","Saint Lucia","2001","25 - 29","12789","8.28281650734437","6265","8.28846230171855","6524","8.277402083306901","0.9603004291845494"
"LC","Saint Lucia","2001","30 - 34","12011","7.778943550685215","5832","7.715612473044306","6179","7.839679257013081","0.9438420456384529"
"LC","Saint Lucia","2001","35 - 39","10747","6.960311909017901","5159","6.825247727783879","5588","7.089841024144537","0.9232283464566929"
"LC","Saint Lucia","2001","40 - 44","8679","5.620968368695111","4135","5.470517417016153","4544","5.765253688924978","0.9099911971830986"
"LC","Saint Lucia","2001","45 - 49","7356","4.764125281728453","3535","4.67673012555069","3821","4.847938896430973","0.9251504841664486"
"LC","Saint Lucia","2001","50 - 54","5532","3.5828087355249867","2631","3.480757273076058","2901","3.68067802631412","0.9069286452947259"
"LC","Saint Lucia","2001","55 - 59","4358","2.822465739229554","2042","2.7015227486207944","2316","2.9384523643376426","0.8816925734024179"
"LC","Saint Lucia","2001","60 - 64","3725","2.4125022667806535","1760","2.328442721632027","1965","2.4931169671517566","0.8956743002544529"
"LC","Saint Lucia","2001","65 - 69","3231","2.092562368850548","1482","1.960654609919695","1749","2.219064415037365","0.8473413379073756"
"LC","Saint Lucia","2001","70 - 74","2888","1.8704178648221548","1292","1.7092886342889648","1596","2.024943857289671","0.8095238095238095"
"LC","Saint Lucia","2001","75 - 79","2331","1.5096759151317323","1024","1.3547303107677247","1307","1.6582716926551377","0.7834736036725325"
"LC","Saint Lucia","2001","80 - 84","1818","1.1774306365120075","801","1.059706034106394","1017","1.2903307662052603","0.7876106194690266"
"LC","Saint Lucia","2001","85 - 89","1125","0.7286080671485196","469","0.6204770661621707","656","0.8323077508659299","0.7149390243902439"
"LC","Saint Lucia","2001","90 - 94","433","0.2804331494002746","156","0.20638469578102056","277","0.3514470228504003","0.5631768953068592"
"LC","Saint Lucia","2001","95 - 99","107","0.06929872283101474","32","0.042335322211491395","75","0.0951571361508304","0.4266666666666667"
"LC","Saint Lucia","2001","100+","13","0.008419470998160669","3","0.003968936457327318","10","0.012687618153444056","0.3"
"LC","Saint Lucia","2002","TOTAL","155301","100","76014","100","79287","100","0.958719588331"
"LC","Saint Lucia","2002","0 - 4","13976","8.99929813716589","7157","9.415370852737654","6819","8.600401074577169","1.0495673852471037"
"LC","Saint Lucia","2002","5 - 9","16393","10.55563067848887","8398","11.047964848580524","7995","10.083620265617315","1.0504065040650405"
"LC","Saint Lucia","2002","10 - 14","15571","10.02633595405052","7846","10.32178282947878","7725","9.74308524726626","1.015663430420712"
"LC","Saint Lucia","2002","15 - 19","16511","10.631612159612622","8141","10.709869234614676","8370","10.556585568882666","0.9726403823178017"
"LC","Saint Lucia","2002","20 - 24","13739","8.846691264061404","6899","9.075959691635752","6840","8.626887131560029","1.008625730994152"
"LC","Saint Lucia","2002","25 - 29","12809","8.24785416706911","6287","8.270844844370774","6522","8.225812554391009","0.963968107942349"
"LC","Saint Lucia","2002","30 - 34","12040","7.752686718050753","5841","7.684110821690742","6199","7.818431773178452","0.9422487497983546"
"LC","Saint Lucia","2002","35 - 39","11012","7.090746357074326","5299","6.971084273949536","5713","7.205468740146556","0.9275336950813933"
"LC","Saint Lucia","2002","40 - 44","9157","5.8962917173746465","4365","5.742363248875207","4792","6.043865955326851","0.9108931552587646"
"LC","Saint Lucia","2002","45 - 49","7601","4.894366423912273","3640","4.788591575236141","3961","4.99577484329083","0.9189598586215603"
"LC","Saint Lucia","2002","50 - 54","5895","3.795854501902757","2807","3.692740810903255","3088","3.894711617289089","0.9090025906735751"
"LC","Saint Lucia","2002","55 - 59","4501","2.898242767271299","2110","2.775804457073697","2391","3.0156267736198874","0.8824759514847345"
"LC","Saint Lucia","2002","60 - 64","3825","2.4629590279521705","1799","2.366669297760939","2026","2.5552738784416107","0.8879565646594274"
"LC","Saint Lucia","2002","65 - 69","3299","2.1242619171801853","1523","2.0035782882100666","1776","2.239963676264709","0.857545045045045"
"LC","Saint Lucia","2002","70 - 74","2923","1.8821514349553445","1320","1.736522219591128","1603","2.0217690163582933","0.8234560199625702"
"LC","Saint Lucia","2002","75 - 79","2405","1.5486056110392077","1056","1.3892177756729023","1349","1.7014138509465613","0.7828020756115641"
"LC","Saint Lucia","2002","80 - 84","1871","1.2047572134113753","818","1.0761175572920778","1053","1.3280865715691097","0.7768281101614435"
"LC","Saint Lucia","2002","85 - 89","1180","0.7598148112375323","499","0.6564580208908886","681","0.85890499072988","0.7327459618208517"
"LC","Saint Lucia","2002","90 - 94","460","0.2961989942112414","169","0.22232746599310654","291","0.36702107533391354","0.5807560137457045"
"LC","Saint Lucia","2002","95 - 99","118","0.07598148112375323","37","0.04867524403399374","81","0.10216050550531613","0.4567901234567901"
"LC","Saint Lucia","2002","100+","15","0.009658662854714393","3","0.0039466414081616545","12","0.015134889704491278","0.25"
"LC","Saint Lucia","2003","TOTAL","156013","100","76353","100","79660","100","0.9584860657795632"
"LC","Saint Lucia","2003","0 - 4","13375","8.573003531756969","6856","8.979345932707295","6519","8.18353000251067","1.0516950452523393"
"LC","Saint Lucia","2003","5 - 9","15951","10.224147987667696","8163","10.691131979097088","7788","9.776550338940497","1.048151001540832"
"LC","Saint Lucia","2003","10 - 14","15505","9.93827437457135","7868","10.30476864039396","7637","9.586994727592266","1.0302474793767187"
"LC","Saint Lucia","2003","15 - 19","16327","10.4651535448969","8045","10.536586643615838","8282","10.396685915139342","0.9713837237382275"
"LC","Saint Lucia","2003","20 - 24","13844","8.873619506066802","6931","9.07757390017419","6913","8.678132061260357","1.0026037899609432"
"LC","Saint Lucia","2003","25 - 29","12804","8.207008390326447","6295","8.244600736054903","6509","8.170976650765754","0.9671224458442157"
"LC","Saint Lucia","2003","30 - 34","12032","7.712177831334569","5829","7.634277631527249","6203","7.786844087371328","0.9397065935837497"
"LC","Saint Lucia","2003","35 - 39","11228","7.1968361610891405","5413","7.089439838644192","5815","7.299774039668591","0.9308684436801375"
"LC","Saint Lucia","2003","40 - 44","9660","6.19179170966522","4606","6.032506908700379","5054","6.344463971880492","0.9113573407202216"
"LC","Saint Lucia","2003","45 - 49","7813","5.007916006999417","3729","4.883894542454128","4084","5.12678885262365","0.91307541625857"
"LC","Saint Lucia","2003","50 - 54","6284","4.027869472415761","2998","3.926499286210103","3286","4.125031383379362","0.9123554473524041"
"LC","Saint Lucia","2003","55 - 59","4667","2.991417381884843","2181","2.85646929393737","2486","3.120763243786091","0.8773129525341915"
"LC","Saint Lucia","2003","60 - 64","3930","2.519020850826534","1848","2.4203371183843463","2082","2.6136078332914887","0.8876080691642652"
"LC","Saint Lucia","2003","65 - 69","3383","2.1684090428361738","1574","2.0614776105719486","1809","2.2709013306552848","0.8700939745715865"
"LC","Saint Lucia","2003","70 - 74","2948","1.889586124233237","1336","1.7497675271436617","1612","2.023600301280442","0.8287841191066998"
"LC","Saint Lucia","2003","75 - 79","2475","1.5864062610167102","1092","1.4301992063180229","1383","1.7361285463218679","0.789587852494577"
"LC","Saint Lucia","2003","80 - 84","1928","1.2357944530263505","839","1.0988435293963565","1089","1.3670600050213406","0.7704315886134068"
"LC","Saint Lucia","2003","85 - 89","1226","0.7858319499016106","522","0.6836666535696043","704","0.8837559628420788","0.7414772727272727"
"LC","Saint Lucia","2003","90 - 94","489","0.3134354188433015","184","0.24098594685212107","305","0.3828772282199347","0.6032786885245902"
"LC","Saint Lucia","2003","95 - 99","125","0.08012152833417728","39","0.05107854308278653","86","0.10795882500627668","0.45348837209302323"
"LC","Saint Lucia","2003","100+","19","0.012178472306794946","5","0.006548531164459812","14","0.01757469244288225","0.35714285714285715"
"LC","Saint Lucia","2004","TOTAL","156646","100","76650","100","79996","100","0.9581729086454323"
"LC","Saint Lucia","2004","0 - 4","12941","8.261302554805102","6647","8.671885192433137","6294","7.867893394669734","1.0560851604702892"
"LC","Saint Lucia","2004","5 - 9","15266","9.74554090114015","7794","10.16829745596869","7472","9.340467023351168","1.0430942184154175"
"LC","Saint Lucia","2004","10 - 14","15765","10.064093561278296","8062","10.517938682322244","7703","9.62923146157308","1.0466052187459431"
"LC","Saint Lucia","2004","15 - 19","15785","10.0768612029672","7801","10.177429876060012","7984","9.980499024951248","0.9770791583166333"
"LC","Saint Lucia","2004","20 - 24","14088","8.993526805663727","6992","9.12198303979126","7096","8.87044352217611","0.9853438556933484"
"LC","Saint Lucia","2004","25 - 29","12733","8.128519081240505","6273","8.183953033268102","6460","8.07540377018851","0.9710526315789474"
"LC","Saint Lucia","2004","30 - 34","12005","7.663776923764412","5810","7.579908675799087","6195","7.744137206860343","0.9378531073446328"
"LC","Saint Lucia","2004","35 - 39","11407","7.282024437266192","5508","7.185909980430528","5899","7.374118705935297","0.9337175792507204"
"LC","Saint Lucia","2004","40 - 44","10132","6.468087279598585","4835","6.307893020221787","5297","6.621581079053953","0.9127808193316972"
"LC","Saint Lucia","2004","45 - 49","8061","5.145997982712613","3836","5.004566210045662","4225","5.281514075703785","0.9079289940828402"
"LC","Saint Lucia","2004","50 - 54","6656","4.249071154067132","3177","4.14481409001957","3479","4.348967448372418","0.9131934463926416"
"LC","Saint Lucia","2004","55 - 59","4866","3.1063672229102566","2269","2.960208741030659","2597","3.246412320616031","0.8737004235656527"
"LC","Saint Lucia","2004","60 - 64","4037","2.5771484749052003","1890","2.4657534246575343","2147","2.6838841942097105","0.8802980903586399"
"LC","Saint Lucia","2004","65 - 69","3471","2.2158242151092273","1634","2.131767775603392","1837","2.296364818240912","0.889493739793141"
"LC","Saint Lucia","2004","70 - 74","2986","1.906208904153314","1357","1.7703848662752775","1629","2.0363518175908797","0.8330263965623081"
"LC","Saint Lucia","2004","75 - 79","2529","1.6144682915618658","1116","1.4559686888454013","1413","1.766338316915846","0.7898089171974523"
"LC","Saint Lucia","2004","80 - 84","1985","1.2671884376236866","862","1.1245923026744944","1123","1.4038201910095505","0.767586821015138"
"LC","Saint Lucia","2004","85 - 89","1263","0.806276572654265","542","0.7071102413568167","721","0.9012950647532377","0.7517337031900139"
"LC","Saint Lucia","2004","90 - 94","516","0.329405155573714","197","0.2570123939986954","319","0.3987699384969248","0.6175548589341693"
"LC","Saint Lucia","2004","95 - 99","135","0.08618158140009959","42","0.0547945205479452","93","0.11625581279063953","0.45161290322580644"
"LC","Saint Lucia","2004","100+","19","0.01212925960445846","6","0.007827788649706457","13","0.016250812540627033","0.46153846153846156"
"LC","Saint Lucia","2005","TOTAL","157313","100","76962","100","80351","100","0.9578225535463155"
"LC","Saint Lucia","2005","0 - 4","12520","7.958655673720544","6443","8.371663938047348","6077","7.563067043347314","1.060227085733092"
"LC","Saint Lucia","2005","5 - 9","14572","9.26306153973289","7415","9.634624879810815","7157","8.907169792535253","1.0360486237250244"
"LC","Saint Lucia","2005","10 - 14","16099","10.233737834762543","8285","10.765052883241081","7814","9.724832298291247","1.0602764269260303"
"LC","Saint Lucia","2005","15 - 19","15116","9.608868942808286","7506","9.752865050284557","7610","9.470946223444637","0.9863337713534822"
"LC","Saint Lucia","2005","20 - 24","14529","9.235727498680973","7159","9.30199319144513","7370","9.172256723625095","0.971370420624152"
"LC","Saint Lucia","2005","25 - 29","12536","7.96882647969335","6183","8.033834879550946","6353","7.906559968139787","0.9732409885093657"
"LC","Saint Lucia","2005","30 - 34","12003","7.630011505724258","5805","7.542683402198487","6198","7.713656332839666","0.9365924491771539"
"LC","Saint Lucia","2005","35 - 39","11551","7.342686236992494","5581","7.251630674878512","5970","7.429901308011101","0.9348408710217756"
"LC","Saint Lucia","2005","40 - 44","10519","6.686669251746519","5029","6.534393596839999","5490","6.832522308372018","0.9160291438979964"
"LC","Saint Lucia","2005","45 - 49","8370","5.320602874524038","3974","5.163587224864219","4396","5.47099600502794","0.9040036396724295"
"LC","Saint Lucia","2005","50 - 54","6995","4.446549236236039","3335","4.3333073464826795","3660","4.5550148722480115","0.9112021857923497"
"LC","Saint Lucia","2005","55 - 59","5110","3.248301157564855","2383","3.096333255372781","2727","3.3938594416995436","0.8738540520718738"
"LC","Saint Lucia","2005","60 - 64","4172","2.6520376574091142","1941","2.5220238559289","2231","2.776567808739157","0.870013446884805"
"LC","Saint Lucia","2005","65 - 69","3568","2.268089731935695","1692","2.198487565291962","1876","2.3347562569227516","0.9019189765458422"
"LC","Saint Lucia","2005","70 - 74","3019","1.9191039519937958","1379","1.7917933525636027","1640","2.0410449154335355","0.8408536585365853"
"LC","Saint Lucia","2005","75 - 79","2585","1.6432208399814383","1146","1.4890465424495205","1439","1.7908924593346691","0.7963863794301599"
"LC","Saint Lucia","2005","80 - 84","2032","1.2916923585463376","884","1.1486187988877627","1148","1.4287314408034748","0.7700348432055749"
"LC","Saint Lucia","2005","85 - 89","1313","0.8346417651433766","562","0.7302305033652972","751","0.9346492265186493","0.748335552596538"
"LC","Saint Lucia","2005","90 - 94","538","0.3419933508355953","208","0.27026324679712066","330","0.41069806225186994","0.6303030303030303"
"LC","Saint Lucia","2005","95 - 99","143","0.09090157838195191","45","0.058470413970530905","98","0.12196487909297954","0.45918367346938777"
"LC","Saint Lucia","2005","100+","23","0.01462053358590835","7","0.009095397728749254","16","0.019912633321302785","0.4375"
"LC","Saint Lucia","2006","TOTAL","158011","100","77288","100","80723","100","0.9574470720860225"
"LC","Saint Lucia","2006","0 - 4","12219","7.7330059299669","6293","8.142273056619398","5926","7.34115431785241","1.0619304758690515"
"LC","Saint Lucia","2006","5 - 9","13968","8.839890893671958","7128","9.222647759031156","6840","8.473421453612973","1.0421052631578946"
"LC","Saint Lucia","2006","10 - 14","16038","10.14992627095582","8253","10.678242417969154","7785","9.644091522862134","1.0601156069364162"
"LC","Saint Lucia","2006","15 - 19","14759","9.34048895330072","7364","9.527999171928373","7395","9.160957843489465","0.9958079783637593"
"LC","Saint Lucia","2006","20 - 24","14757","9.339223218636677","7236","9.362384846289205","7521","9.31704718605602","0.9621061029118468"
"LC","Saint Lucia","2006","25 - 29","12450","7.879198283663795","6148","7.954663078356278","6302","7.806944736939905","0.975563313233894"
"LC","Saint Lucia","2006","30 - 34","12010","7.600736657574473","5811","7.518631611634406","6199","7.679347893413277","0.9374092595579933"
"LC","Saint Lucia","2006","35 - 39","11653","7.374803020042908","5634","7.2896180519614955","6019","7.456363118318199","0.9360358863598605"
"LC","Saint Lucia","2006","40 - 44","10829","6.85332033845745","5186","6.709967912224407","5643","6.990572699230703","0.9190147084883927"
"LC","Saint Lucia","2006","45 - 49","8776","5.554043705817949","4158","5.379877859434841","4618","5.7207982854948405","0.9003897791251624"
"LC","Saint Lucia","2006","50 - 54","7281","4.607907044446273","3461","4.47805610185281","3820","4.732232449239993","0.9060209424083769"
"LC","Saint Lucia","2006","55 - 59","5407","3.4219136642385655","2527","3.269589069454508","2880","3.5677564015212515","0.8774305555555556"
"LC","Saint Lucia","2006","60 - 64","4307","2.7257595990152583","1996","2.5825483904357727","2311","2.862876751359588","0.8636953699697101"
"LC","Saint Lucia","2006","65 - 69","3671","2.323255975849783","1748","2.261670634509885","1923","2.3822206805990858","0.9089963598543942"
"LC","Saint Lucia","2006","70 - 74","3073","1.9448013113011118","1416","1.8321084773832936","1657","2.0526987351808033","0.8545564272782137"
"LC","Saint Lucia","2006","75 - 79","2623","1.6600110118915772","1163","1.5047614118621262","1460","1.808654286882301","0.7965753424657535"
"LC","Saint Lucia","2006","80 - 84","2094","1.3252241932523685","910","1.1774143463409583","1184","1.466744298403181","0.768581081081081"
"LC","Saint Lucia","2006","85 - 89","1351","0.8550037655606255","577","0.746558327295311","774","0.9588345329088364","0.7454780361757106"
"LC","Saint Lucia","2006","90 - 94","568","0.359468644588035","223","0.28853120794948767","345","0.4273874855989","0.6463768115942029"
"LC","Saint Lucia","2006","95 - 99","152","0.09619583446722063","50","0.06469309595279991","102","0.12635803922054434","0.49019607843137253"
"LC","Saint Lucia","2006","100+","25","0.01582168330052971","6","0.00776317151433599","19","0.02353728181559159","0.3157894736842105"
"LC","Saint Lucia","2007","TOTAL","158703","100","77609","100","81094","100","0.957025180654549"
"LC","Saint Lucia","2007","0 - 4","12052","7.594059343553681","6208","7.9990722725457095","5844","7.206451772017658","1.0622861054072552"
"LC","Saint Lucia","2007","5 - 9","13330","8.399337126582358","6834","8.80567975363682","6496","8.010457000517917","1.0520320197044335"
"LC","Saint Lucia","2007","10 - 14","15820","9.968305577084239","8111","10.451107474648559","7709","9.506252003847388","1.0521468413542612"
"LC","Saint Lucia","2007","15 - 19","14597","9.197683723685122","7323","9.435761316342177","7274","8.969837472562705","1.0067363211437999"
"LC","Saint Lucia","2007","20 - 24","14789","9.318664423482858","7218","9.300467729258205","7571","9.336079118060523","0.9533747193237353"
"LC","Saint Lucia","2007","25 - 29","12421","7.826569125977454","6153","7.928204203120772","6268","7.729301797913532","0.9816528398213146"
"LC","Saint Lucia","2007","30 - 34","12022","7.575156109210286","5828","7.509438338337048","6194","7.63804967075246","0.9409105586051018"
"LC","Saint Lucia","2007","35 - 39","11686","7.363439884564249","5644","7.272352433351801","6042","7.450612869016203","0.9341277722608408"
"LC","Saint Lucia","2007","40 - 44","11091","6.988525736753559","5325","6.861317630687163","5766","7.110267097442474","0.9235171696149844"
"LC","Saint Lucia","2007","45 - 49","9261","5.835428441806393","4390","5.656560450463219","4871","6.00660961353491","0.9012523095873537"
"LC","Saint Lucia","2007","50 - 54","7520","4.73841074207797","3561","4.5883853676764295","3959","4.88198880311737","0.8994695630209649"
"LC","Saint Lucia","2007","55 - 59","5758","3.628160778309169","2690","3.46609285005605","3068","3.783263866623918","0.8767926988265972"
"LC","Saint Lucia","2007","60 - 64","4453","2.805870084371436","2064","2.6594853689649396","2389","2.945963943078403","0.8639598158225199"
"LC","Saint Lucia","2007","65 - 69","3772","2.3767666647763432","1789","2.3051450218402505","1983","2.445310380546033","0.9021684316691881"
"LC","Saint Lucia","2007","70 - 74","3148","1.9835793904337033","1461","1.882513625996985","1687","2.0803018719017436","0.8660343805572022"
"LC","Saint Lucia","2007","75 - 79","2654","1.672306131579113","1187","1.5294617892254765","1467","1.8090117641255825","0.809134287661895"
"LC","Saint Lucia","2007","80 - 84","2158","1.3597726571016302","938","1.2086227112834853","1220","1.5044269613041654","0.7688524590163934"
"LC","Saint Lucia","2007","85 - 89","1390","0.8758498579106886","589","0.7589325980234252","801","0.9877426196759317","0.735330836454432"
"LC","Saint Lucia","2007","90 - 94","593","0.3736539321877973","235","0.3027999329974616","358","0.4414629935630256","0.6564245810055865"
"LC","Saint Lucia","2007","95 - 99","161","0.1014473576428927","54","0.06957955907175714","107","0.13194564332749648","0.5046728971962616"
"LC","Saint Lucia","2007","100+","27","0.01701291090905654","7","0.009019572472264814","20","0.02466273707056009","0.35"
"LC","Saint Lucia","2008","TOTAL","159365","100","77912","100","81453","100","0.9565270769646299"
"LC","Saint Lucia","2008","0 - 4","11989","7.522981834154299","6175","7.925608378683643","5814","7.137858642407278","1.0620915032679739"
"LC","Saint Lucia","2008","5 - 9","12757","8.004894424748219","6547","8.403070130403533","6210","7.624028580899414","1.05426731078905"
"LC","Saint Lucia","2008","10 - 14","15396","9.660841464562482","7884","10.119108738063456","7512","9.222496408972045","1.049520766773163"
"LC","Saint Lucia","2008","15 - 19","14543","9.125592194020017","7348","9.43115309580039","7195","8.83331491780536","1.0212647671994441"
"LC","Saint Lucia","2008","20 - 24","14620","9.173908951149876","7133","9.155200739295616","7487","9.191803862350067","0.9527180446106585"
"LC","Saint Lucia","2008","25 - 29","12514","7.852414269130612","6180","7.932025875346545","6334","7.776263612144427","0.9756867698137038"
"LC","Saint Lucia","2008","30 - 34","12019","7.541806544724375","5838","7.493069103604066","6181","7.58842522681792","0.9445073612684032"
"LC","Saint Lucia","2008","35 - 39","11680","7.3290873152825275","5633","7.229951740425094","6047","7.423913176924116","0.9315362989912354"
"LC","Saint Lucia","2008","40 - 44","11313","7.098798355975276","5441","6.983519868569668","5872","7.209065350570268","0.926600817438692"
"LC","Saint Lucia","2008","45 - 49","9772","6.131835723025759","4637","5.951586405175069","5135","6.304249076154346","0.903018500486855"
"LC","Saint Lucia","2008","50 - 54","7731","4.851127913908323","3645","4.6783550672553655","4086","5.016389819896137","0.8920704845814978"
"LC","Saint Lucia","2008","55 - 59","6143","3.854673234399021","2877","3.6926275798336587","3266","4.009674290695248","0.8808940600122473"
"LC","Saint Lucia","2008","60 - 64","4620","2.899005427791548","2134","2.7389875757264606","2486","3.0520668360895242","0.8584070796460177"
"LC","Saint Lucia","2008","65 - 69","3881","2.4352900574153673","1840","2.3616387719478387","2041","2.5057395062183097","0.9015188633023028"
"LC","Saint Lucia","2008","70 - 74","3231","2.027421328397076","1512","1.9406509908614848","1719","2.1104195057272293","0.8795811518324608"
"LC","Saint Lucia","2008","75 - 79","2678","1.6804191635553603","1202","1.5427661977615772","1476","1.8120879525615998","0.8143631436314364"
"LC","Saint Lucia","2008","80 - 84","2226","1.396793524299564","970","1.2449943526029366","1256","1.5419935422881907","0.7722929936305732"
"LC","Saint Lucia","2008","85 - 89","1436","0.9010761459542559","604","0.7752335968785296","832","1.0214479515794386","0.7259615384615384"
"LC","Saint Lucia","2008","90 - 94","616","0.386534057038873","246","0.31574083581476536","370","0.4542496900052791","0.6648648648648648"
"LC","Saint Lucia","2008","95 - 99","172","0.10792834060176323","59","0.07572646062224048","113","0.138730310731342","0.5221238938053098"
"LC","Saint Lucia","2008","100+","28","0.017569729865403318","7","0.00898449532806243","21","0.025781739162461785","0.3333333333333333"
"LC","Saint Lucia","2009","TOTAL","160004","100","78200","100","81804","100","0.9559434746467166"
"LC","Saint Lucia","2009","0 - 4","11934","7.458563535911603","6147","7.860613810741687","5787","7.074226199207863","1.062208398133748"
"LC","Saint Lucia","2009","5 - 9","12344","7.714807129821755","6345","8.11381074168798","5999","7.333382230697766","1.0576762793798966"
"LC","Saint Lucia","2009","10 - 14","14734","9.208519787005324","7530","9.62915601023018","7204","8.806415334213485","1.0452526374236535"
"LC","Saint Lucia","2009","15 - 19","14789","9.242893927651808","7530","9.62915601023018","7259","8.873649210307564","1.0373329659732746"
"LC","Saint Lucia","2009","20 - 24","14131","8.831654208644784","6914","8.841432225063938","7217","8.822306977653904","0.9580157960371345"
"LC","Saint Lucia","2009","25 - 29","12737","7.960425989350266","6237","7.975703324808184","6500","7.945821720209281","0.9595384615384616"
"LC","Saint Lucia","2009","30 - 34","11954","7.4710632234194145","5818","7.439897698209719","6136","7.500855703877561","0.9481747066492829"
"LC","Saint Lucia","2009","35 - 39","11655","7.28419289517762","5616","7.181585677749361","6039","7.382279595129823","0.9299552906110283"
"LC","Saint Lucia","2009","40 - 44","11498","7.186070348241294","5540","7.084398976982096","5958","7.283262432154906","0.9298422289358845"
"LC","Saint Lucia","2009","45 - 49","10254","6.408589785255368","4868","6.225063938618926","5386","6.58403012077649","0.9038247307835128"
"LC","Saint Lucia","2009","50 - 54","7981","4.988000299992501","3754","4.8005115089514065","4227","5.167228986357635","0.8881003075467234"
"LC","Saint Lucia","2009","55 - 59","6519","4.074273143171421","3055","3.9066496163682864","3464","4.234511759816146","0.8819284064665127"
"LC","Saint Lucia","2009","60 - 64","4820","3.0124246893827653","2220","2.8388746803069056","2600","3.1783286880837127","0.8538461538461538"
"LC","Saint Lucia","2009","65 - 69","3993","2.4955626109347264","1885","2.4104859335038364","2108","2.57689110556941","0.894212523719165"
"LC","Saint Lucia","2009","70 - 74","3323","2.0768230794230145","1572","2.0102301790281327","1751","2.1404821280133","0.8977727013135351"
"LC","Saint Lucia","2009","75 - 79","2718","1.6987075323116922","1222","1.5626598465473145","1496","1.828761429758936","0.8168449197860963"
"LC","Saint Lucia","2009","80 - 84","2280","1.4249643758906028","995","1.272378516624041","1285","1.5708278323798348","0.77431906614786"
"LC","Saint Lucia","2009","85 - 89","1486","0.9287267818304542","624","0.7979539641943734","862","1.053738203510831","0.7238979118329466"
"LC","Saint Lucia","2009","90 - 94","640","0.39999000024999376","256","0.3273657289002558","384","0.46941469854774825","0.6666666666666666"
"LC","Saint Lucia","2009","95 - 99","184","0.11499712507187321","64","0.08184143222506395","120","0.14669209329617133","0.5333333333333333"
"LC","Saint Lucia","2009","100+","30","0.018749531261718456","8","0.010230179028132993","22","0.026893550437631412","0.36363636363636365"
"LC","Saint Lucia","2010","TOTAL","160619","100","78472","100","82147","100","0.9552631258597393"
"LC","Saint Lucia","2010","0 - 4","11820","7.359029753640603","6088","7.758181262106229","5732","6.977735035972099","1.0621074668527564"
"LC","Saint Lucia","2010","5 - 9","11944","7.436231081005361","6152","7.839739015190131","5792","7.05077483048681","1.0621546961325967"
"LC","Saint Lucia","2010","10 - 14","14064","8.756124742402829","7162","9.126822306045469","6902","8.402011029008971","1.0376702405099971"
"LC","Saint Lucia","2010","15 - 19","15098","9.399884198008952","7736","9.85829340401672","7362","8.961982786955094","1.0508014126596035"
"LC","Saint Lucia","2010","20 - 24","13538","8.428641692452326","6656","8.482006320725864","6882","8.377664430837402","0.967160709096193"
"LC","Saint Lucia","2010","25 - 29","13134","8.177114787167147","6384","8.13538587011928","6750","8.216976882905037","0.9457777777777778"
"LC","Saint Lucia","2010","30 - 34","11775","7.331013142903392","5739","7.313436639820573","6036","7.347803328179971","0.9507952286282306"
"LC","Saint Lucia","2010","35 - 39","11654","7.255679589587782","5612","7.151595473544704","6042","7.355107307631441","0.9288315127441245"
"LC","Saint Lucia","2010","40 - 44","11650","7.253189224188919","5616","7.156692833112448","6034","7.345368668362813","0.93072588664236"
"LC","Saint Lucia","2010","45 - 49","10650","6.630597874473132","5067","6.457080232439597","5583","6.796352879593899","0.907576571735626"
"LC","Saint Lucia","2010","50 - 54","8296","5.16501783724217","3893","4.961005199306759","4403","5.359903587471241","0.8841698841698842"
"LC","Saint Lucia","2010","55 - 59","6853","4.2666185196022886","3209","4.089356713222551","3644","4.435950186860141","0.8806256860592755"
"LC","Saint Lucia","2010","60 - 64","5071","3.1571607344087558","2337","2.9781323274543787","2734","3.3281799700536845","0.8547915142648135"
"LC","Saint Lucia","2010","65 - 69","4135","2.5744152310747794","1937","2.468396370679988","2198","2.6756911390555955","0.881255686988171"
"LC","Saint Lucia","2010","70 - 74","3420","2.129262416027992","1629","2.0758996839637067","1791","2.1802378662641364","0.9095477386934674"
"LC","Saint Lucia","2010","75 - 79","2754","1.7146165771172777","1246","1.5878275053522275","1508","1.8357335021364138","0.8262599469496021"
"LC","Saint Lucia","2010","80 - 84","2339","1.456241166985226","1023","1.3036497094505046","1316","1.6020061596893374","0.7773556231003039"
"LC","Saint Lucia","2010","85 - 89","1529","0.9519421737154384","644","0.8206748904067693","885","1.0773369690919936","0.727683615819209"
"LC","Saint Lucia","2010","90 - 94","670","0.4171362043095773","266","0.3389744112549699","404","0.4918012830657237","0.6584158415841584"
"LC","Saint Lucia","2010","95 - 99","192","0.11953753914543111","68","0.08665511265164644","124","0.15094890866373695","0.5483870967741935"
"LC","Saint Lucia","2010","100+","33","0.020545514540620972","8","0.010194719135487817","25","0.030433247714463096","0.32"
"LC","Saint Lucia","2011","TOTAL","161219","100","78733","100","82486","100","0.9545013699294426"
"LC","Saint Lucia","2011","0 - 4","11664","7.234879263610368","6005","7.62704329823581","5659","6.860558155323328","1.061141544442481"
"LC","Saint Lucia","2011","5 - 9","11654","7.228676520757479","6009","7.632123760049788","5645","6.843585578158717","1.0644818423383526"
"LC","Saint Lucia","2011","10 - 14","13484","8.363778462836265","6887","8.747285128218154","6597","7.9977208253521805","1.0439593754737002"
"LC","Saint Lucia","2011","15 - 19","15033","9.324583330748858","7698","9.777348761002374","7335","8.89241810731518","1.0494887525562373"
"LC","Saint Lucia","2011","20 - 24","13221","8.20064632580527","6533","8.297664257681022","6688","8.108042576922145","0.9768241626794258"
"LC","Saint Lucia","2011","25 - 29","13351","8.281281982892835","6457","8.201135483215424","6894","8.357781926629974","0.9366115462721207"
"LC","Saint Lucia","2011","30 - 34","11695","7.254107766454326","5708","7.249819008547877","5987","7.258201391751327","0.9533990312343411"
"LC","Saint Lucia","2011","35 - 39","11664","7.234879263610368","5618","7.135508617733352","6046","7.329728681230755","0.929209394641085"
"LC","Saint Lucia","2011","40 - 44","11758","7.2931850464275305","5673","7.205364967675562","6085","7.377009431903596","0.9322925225965489"
"LC","Saint Lucia","2011","45 - 49","10967","6.8025480867639665","5226","6.637623359963421","5741","6.959968964430327","0.9102943738024735"
"LC","Saint Lucia","2011","50 - 54","8706","5.4001079277256405","4079","5.1808009348049735","4627","5.609436752903523","0.881564728765939"
"LC","Saint Lucia","2011","55 - 59","7142","4.429998945533715","3334","4.234564921951405","3808","4.616540988773853","0.8755252100840336"
"LC","Saint Lucia","2011","60 - 64","5370","3.3308729120016873","2480","3.1498863246669124","2890","3.5036248575515843","0.8581314878892734"
"LC","Saint Lucia","2011","65 - 69","4275","2.6516725696102816","1995","2.533880329721972","2280","2.764105423950731","0.875"
"LC","Saint Lucia","2011","70 - 74","3527","2.1877074042141436","1686","2.1414146545921025","1841","2.2318938971461826","0.9158066268332428"
"LC","Saint Lucia","2011","75 - 79","2810","1.742970741661963","1281","1.6270178959267398","1529","1.853647891763451","0.8378024852844996"
"LC","Saint Lucia","2011","80 - 84","2379","1.4756325247024233","1040","1.3209200716345115","1339","1.6233057731008897","0.7766990291262136"
"LC","Saint Lucia","2011","85 - 89","1585","0.9831347421829932","666","0.8458968920274854","919","1.1141284581625972","0.7247007616974973"
"LC","Saint Lucia","2011","90 - 94","695","0.43109062827582356","276","0.35055186516454345","419","0.5079649879979633","0.6587112171837709"
"LC","Saint Lucia","2011","95 - 99","203","0.12591567991365782","72","0.09144831265162003","131","0.1588148291831341","0.549618320610687"
"LC","Saint Lucia","2011","100+","36","0.02232987427040237","10","0.012701154534947226","26","0.031520500448560966","0.38461538461538464"
"LC","Saint Lucia","2012","TOTAL","161811","100","78988","100","82823","100","0.9536964369800659"
"LC","Saint Lucia","2012","0 - 4","11501","7.107675003553529","5920","7.49480933812731","5581","6.738466368037864","1.060741802544347"
"LC","Saint Lucia","2012","5 - 9","11493","7.102730963902331","5927","7.50367144376361","5566","6.7203554568175505","1.0648580668343515"
"LC","Saint Lucia","2012","10 - 14","12867","7.951869773995587","6603","8.359497645211931","6264","7.563116525602792","1.0541187739463602"
"LC","Saint Lucia","2012","15 - 19","14826","9.162541483582698","7562","9.57360611738492","7264","8.770510606957005","1.04102422907489"
"LC","Saint Lucia","2012","20 - 24","13080","8.083504829708735","6498","8.226566060667444","6582","7.94706784347343","0.9872379216043756"
"LC","Saint Lucia","2012","25 - 29","13388","8.273850356279858","6445","8.15946726084975","6943","8.382937106842302","0.9282730808008066"
"LC","Saint Lucia","2012","30 - 34","11669","7.211499836228687","5712","7.231478199220135","5957","7.1924465426270485","0.9588719153936546"
"LC","Saint Lucia","2012","35 - 39","11681","7.218915895705484","5639","7.139059097584443","6042","7.295075039542157","0.9333002317113539"
"LC","Saint Lucia","2012","40 - 44","11793","7.288132450822256","5683","7.1947637615840385","6110","7.377177837074243","0.9301145662847791"
"LC","Saint Lucia","2012","45 - 49","11240","6.946375709933193","5371","6.799767053223274","5869","7.086195863467877","0.915147384562958"
"LC","Saint Lucia","2012","50 - 54","9197","5.683791584008504","4311","5.457791056869398","4886","5.899327481496686","0.8823168235775686"
"LC","Saint Lucia","2012","55 - 59","7381","4.561494583186557","3434","4.3474958221502","3947","4.765584439105079","0.8700278692677983"
"LC","Saint Lucia","2012","60 - 64","5727","3.5393143853013704","2643","3.346077885248392","3084","3.723603346896393","0.8570038910505836"
"LC","Saint Lucia","2012","65 - 69","4427","2.7359079419816945","2065","2.614321162708259","2362","2.8518648201586516","0.8742591024555462"
"LC","Saint Lucia","2012","70 - 74","3628","2.2421219818182943","1727","2.186408061984099","1901","2.2952561486543592","0.9084692267227775"
"LC","Saint Lucia","2012","75 - 79","2883","1.7817082893004803","1324","1.676203980351446","1559","1.8823273728312182","0.8492623476587556"
"LC","Saint Lucia","2012","80 - 84","2416","1.4930999746617968","1066","1.349572086899276","1350","1.6299820098281879","0.7896296296296297"
"LC","Saint Lucia","2012","85 - 89","1641","1.0141461334519901","688","0.8710183825391198","953","1.1506465595305653","0.7219307450157397"
"LC","Saint Lucia","2012","90 - 94","718","0.44372755869502073","281","0.35575024054286725","437","0.5276312135517912","0.6430205949656751"
"LC","Saint Lucia","2012","95 - 99","215","0.1328710656259463","77","0.09748316199929104","138","0.1666203832268814","0.5579710144927537"
"LC","Saint Lucia","2012","100+","40","0.024720198255990016","12","0.015192181090798604","28","0.03380703427791797","0.42857142857142855"
"LC","Saint Lucia","2013","TOTAL","162391","100","79235","100","83156","100","0.9528476598200971"
"LC","Saint Lucia","2013","0 - 4","11351","6.989919392084537","5842","7.373004354136429","5509","6.624897782481119","1.0604465420221456"
"LC","Saint Lucia","2013","5 - 9","11435","7.041646396659913","5897","7.442418123304096","5538","6.659771994804944","1.0648248465149874"
"LC","Saint Lucia","2013","10 - 14","12317","7.584779944701368","6325","7.982583454281568","5992","7.2057338015296555","1.055574098798398"
"LC","Saint Lucia","2013","15 - 19","14420","8.879802452106336","7348","9.273679560800153","7072","8.504497570830729","1.039027149321267"
"LC","Saint Lucia","2013","20 - 24","13036","8.027538471959653","6523","8.232473023285165","6513","7.832267064312857","1.0015353907569478"
"LC","Saint Lucia","2013","25 - 29","13247","8.15747178107161","6372","8.041900675206664","6875","8.267593438837848","0.9268363636363637"
"LC","Saint Lucia","2013","30 - 34","11755","7.238701652185157","5737","7.240487158452703","6018","7.237000336716533","0.9533067464273846"
"LC","Saint Lucia","2013","35 - 39","11678","7.191285231324396","5649","7.1294251277844385","6029","7.250228486218674","0.936971305357439"
"LC","Saint Lucia","2013","40 - 44","11793","7.262101963778781","5675","7.162238909572789","6118","7.357256241281447","0.9275907159202353"
"LC","Saint Lucia","2013","45 - 49","11469","7.06258351755947","5490","6.928756231463369","5979","7.190100533936217","0.9182137481184145"
"LC","Saint Lucia","2013","50 - 54","9709","5.978779612170626","4557","5.7512462926736925","5152","6.195584203184376","0.8845108695652174"
"LC","Saint Lucia","2013","55 - 59","7600","4.68006231872456","3520","4.442481226730612","4080","4.906440906248497","0.8627450980392157"
"LC","Saint Lucia","2013","60 - 64","6115","3.7656027735527218","2830","3.571653940808986","3285","3.9504064649574295","0.8614916286149162"
"LC","Saint Lucia","2013","65 - 69","4603","2.8345166911959407","2140","2.70082665488736","2463","2.961902929433835","0.8688591149005278"
"LC","Saint Lucia","2013","70 - 74","3737","2.3012359059307474","1776","2.241433709850445","1961","2.3582182885179663","0.9056603773584906"
"LC","Saint Lucia","2013","75 - 79","2967","1.8270716973231276","1375","1.735344229191645","1592","1.9144740006734333","0.8636934673366834"
"LC","Saint Lucia","2013","80 - 84","2445","1.5056253117475722","1082","1.3655581498075344","1363","1.6390879792197797","0.7938371239911959"
"LC","Saint Lucia","2013","85 - 89","1699","1.0462402473043457","713","0.8998548621190131","986","1.1857232190100533","0.7231237322515213"
"LC","Saint Lucia","2013","90 - 94","746","0.4593850644432265","290","0.36599987379314697","456","0.5483669248160085","0.6359649122807017"
"LC","Saint Lucia","2013","95 - 99","226","0.13917027421470402","81","0.1022275509560169","145","0.1743710616191255","0.5586206896551724"
"LC","Saint Lucia","2013","100+","43","0.026479299961204746","13","0.016406890894175553","30","0.03607677136947424","0.43333333333333335"
"LC","Saint Lucia","2014","TOTAL","162956","100","79473","100","83483","100","0.9519662685816274"
"LC","Saint Lucia","2014","0 - 4","11210","6.879157564005007","5770","7.2603274067922445","5440","6.516296731070996","1.0606617647058822"
"LC","Saint Lucia","2014","5 - 9","11381","6.984093865828813","5868","7.383639726699634","5513","6.603739683528382","1.0643932523127153"
"LC","Saint Lucia","2014","10 - 14","11918","7.313630673310587","6130","7.713311439105105","5788","6.933148066073332","1.059087767795439"
"LC","Saint Lucia","2014","15 - 19","13795","8.465475343037385","7015","8.826897185207555","6780","8.12141394056275","1.0346607669616519"
"LC","Saint Lucia","2014","20 - 24","13256","8.134711210388081","6684","8.410403533275453","6572","7.872261418492387","1.0170419963481436"
"LC","Saint Lucia","2014","25 - 29","12815","7.864086010947741","6183","7.780000754973387","6632","7.944132338320377","0.9322979493365501"
"LC","Saint Lucia","2014","30 - 34","11965","7.342472814747539","5790","7.28549318636518","6175","7.396715498963862","0.9376518218623482"
"LC","Saint Lucia","2014","35 - 39","11619","7.13014556076487","5632","7.086683527738981","5987","7.171519950169496","0.9407048605311509"
"LC","Saint Lucia","2014","40 - 44","11775","7.2258769238322005","5663","7.1256904860770325","6112","7.321251033144473","0.9265379581151832"
"LC","Saint Lucia","2014","45 - 49","11660","7.155305726699232","5590","7.033835390635813","6070","7.27094138926488","0.9209225700164745"
"LC","Saint Lucia","2014","50 - 54","10196","6.256903704067356","4790","6.027204207718344","5406","6.475569876501802","0.8860525342212356"
"LC","Saint Lucia","2014","55 - 59","7852","4.81847860772233","3629","4.566330703509368","4223","5.058514907226621","0.8593417002131186"
"LC","Saint Lucia","2014","60 - 64","6499","3.9881931318883623","3010","3.7874498257269766","3489","4.179293987997557","0.8627113786185153"
"LC","Saint Lucia","2014","65 - 69","4809","2.9511033653256096","2228","2.8034678444251506","2581","3.091647401267324","0.8632313056954669"
"LC","Saint Lucia","2014","70 - 74","3853","2.364441935246324","1822","2.2926025190945354","2031","2.4328306361774255","0.897095027080256"
"LC","Saint Lucia","2014","75 - 79","3058","1.8765801811531948","1432","1.8018698174222691","1626","1.9477019273385001","0.8806888068880688"
"LC","Saint Lucia","2014","80 - 84","2487","1.5261788458234125","1102","1.3866344544688132","1385","1.6590203993627446","0.7956678700361011"
"LC","Saint Lucia","2014","85 - 89","1746","1.0714548712535898","734","0.9235841103267776","1012","1.2122228477654133","0.7252964426877471"
"LC","Saint Lucia","2014","90 - 94","780","0.4786568153366553","303","0.38126156052999133","477","0.571373812632512","0.6352201257861635"
"LC","Saint Lucia","2014","95 - 99","236","0.14482436976852647","84","0.10569627420633422","152","0.18207299689757198","0.5526315789473685"
"LC","Saint Lucia","2014","100+","46","0.028228478853187362","14","0.017616045701055703","32","0.0383311572415941","0.4375"
"LC","Saint Lucia","2015","TOTAL","163507","100","79703","100","83804","100","0.9510643883346857"
"LC","Saint Lucia","2015","0 - 4","11074","6.772798718097696","5699","7.150295471939576","5375","6.41377499880674","1.0602790697674418"
"LC","Saint Lucia","2015","5 - 9","11276","6.896340829444611","5814","7.294581132454237","5462","6.517588659252542","1.0644452581471988"
"LC","Saint Lucia","2015","10 - 14","11532","7.052909049765453","5944","7.457686661731679","5588","6.667939477829221","1.0637079455977094"
"LC","Saint Lucia","2015","15 - 19","13170","8.054701021974594","6673","8.372332283602876","6497","7.7526132404181185","1.0270894258888719"
"LC","Saint Lucia","2015","20 - 24","13534","8.277321460243293","6869","8.618245235436559","6665","7.953080998520356","1.0306076519129783"
"LC","Saint Lucia","2015","25 - 29","12276","7.507935440072902","5951","7.46646926715431","6325","7.547372440456303","0.9408695652173913"
"LC","Saint Lucia","2015","30 - 34","12347","7.551358657427511","5932","7.442630766721453","6415","7.654765882296788","0.9247077162899454"
"LC","Saint Lucia","2015","35 - 39","11449","7.0021466970833055","5559","6.974643363486946","5890","7.028304138227293","0.9438030560271646"
"LC","Saint Lucia","2015","40 - 44","11775","7.201526540148128","5657","7.097599839403787","6118","7.300367524223188","0.9246485779666558"
"LC","Saint Lucia","2015","45 - 49","11820","7.229048297626401","5672","7.1164197081665685","6148","7.336165338170016","0.9225764476252439"
"LC","Saint Lucia","2015","50 - 54","10593","6.478621710385488","4987","6.256979034666197","5606","6.689418166197318","0.889582590082055"
"LC","Saint Lucia","2015","55 - 59","8172","4.997951158054395","3770","4.730060349045832","4402","5.2527325664646085","0.8564288959563835"
"LC","Saint Lucia","2015","60 - 64","6843","4.1851419205293965","3167","3.973501624782003","3676","4.386425468951362","0.8615342763873776"
"LC","Saint Lucia","2015","65 - 69","5066","3.0983382974429228","2347","2.9446821324165966","2719","3.2444752040475393","0.8631849944832659"
"LC","Saint Lucia","2015","70 - 74","3997","2.4445436586812797","1876","2.3537382532652473","2121","2.530905446040762","0.8844884488448845"
"LC","Saint Lucia","2015","75 - 79","3149","1.9259114288684889","1484","1.8619123495978822","1665","1.9867786740489712","0.8912912912912913"
"LC","Saint Lucia","2015","80 - 84","2529","1.5467227702789483","1127","1.4139994730436747","1402","1.6729511717817767","0.8038516405135521"
"LC","Saint Lucia","2015","85 - 89","1797","1.0990355152990392","757","0.9497760435617228","1040","1.2409908834900483","0.7278846153846154"
"LC","Saint Lucia","2015","90 - 94","808","0.49416844538765925","314","0.3939625861008996","494","0.589470669657773","0.6356275303643725"
"LC","Saint Lucia","2015","95 - 99","249","0.1522870580464445","89","0.11166455465917219","160","0.19092167438308433","0.55625"
"LC","Saint Lucia","2015","100+","51","0.031191325142042852","15","0.018819868762781827","36","0.04295737673619398","0.4166666666666667"
"LC","Saint Lucia","2016","TOTAL","164047","100","79926","100","84121","100","0.9501313584003994"
"LC","Saint Lucia","2016","0 - 4","10946","6.672478009350978","5632","7.046518029176989","5314","6.317090857217579","1.0598419269853219"
"LC","Saint Lucia","2016","5 - 9","11125","6.781593080031942","5733","7.172884918549658","5392","6.409814433970114","1.0632418397626113"
"LC","Saint Lucia","2016","10 - 14","11253","6.859619499289837","5808","7.26672171758877","5445","6.472818915609658","1.0666666666666667"
"LC","Saint Lucia","2016","15 - 19","12630","7.699013087712668","6419","8.031178840427396","6211","7.383411989871733","1.0334889711801643"
"LC","Saint Lucia","2016","20 - 24","13475","8.21410937109487","6834","8.55040912844381","6641","7.894580425815195","1.0290618882698388"
"LC","Saint Lucia","2016","25 - 29","11985","7.305833084420928","5840","7.306758751845457","6145","7.304953578773434","0.950366151342555"
"LC","Saint Lucia","2016","30 - 34","12550","7.650246575676483","6000","7.506943923128895","6550","7.786402919603903","0.916030534351145"
"LC","Saint Lucia","2016","35 - 39","11376","6.9345980115454715","5530","6.918899982483798","5846","6.949513201222049","0.9459459459459459"
"LC","Saint Lucia","2016","40 - 44","11787","7.18513596713137","5665","7.087806220754198","6122","7.277612011269481","0.9253511924207776"
"LC","Saint Lucia","2016","45 - 49","11936","7.275963595798765","5733","7.172884918549658","6203","7.373901879435575","0.9242302111881348"
"LC","Saint Lucia","2016","50 - 54","10915","6.653580985936958","5147","6.439706728724069","5768","6.856789624469514","0.8923370319001387"
"LC","Saint Lucia","2016","55 - 59","8581","5.2308179972812665","3953","4.94582488802142","4628","5.501598887317079","0.8541486603284356"
"LC","Saint Lucia","2016","60 - 64","7143","4.354239943430846","3297","4.125065685759327","3846","4.571985592182689","0.8572542901716068"
"LC","Saint Lucia","2016","65 - 69","5375","3.276500027431163","2495","3.1216375147010984","2880","3.4236397570166783","0.8663194444444444"
"LC","Saint Lucia","2016","70 - 74","4138","2.522447835071656","1934","2.419738257888547","2204","2.6200354251613747","0.8774954627949183"
"LC","Saint Lucia","2016","75 - 79","3255","1.9841874584722672","1539","1.9255311162825615","1716","2.039918688555771","0.8968531468531469"
"LC","Saint Lucia","2016","80 - 84","2585","1.5757679201692198","1159","1.450091334484398","1426","1.6951771852450634","0.8127629733520336"
"LC","Saint Lucia","2016","85 - 89","1834","1.1179722884295353","772","0.9658934514425843","1062","1.2624671603999","0.7269303201506592"
"LC","Saint Lucia","2016","90 - 94","843","0.5138771205812969","327","0.4091284438105247","516","0.6134021231321549","0.6337209302325582"
"LC","Saint Lucia","2016","95 - 99","261","0.15910074551805276","92","0.11510647348797638","169","0.2009010829638259","0.5443786982248521"
"LC","Saint Lucia","2016","100+","54","0.03291739562442471","17","0.0212696744488652","37","0.04398426076722816","0.4594594594594595"
"LC","Saint Lucia","2017","TOTAL","164584","100","80147","100","84437","100","0.9491928893731421"
"LC","Saint Lucia","2017","0 - 4","10816","6.571720215816847","5564","6.942243627334772","5252","6.2200220282577545","1.0594059405940595"
"LC","Saint Lucia","2017","5 - 9","10973","6.667112234482088","5656","7.057032702409323","5317","6.297002498904508","1.0637577581342863"
"LC","Saint Lucia","2017","10 - 14","11096","6.741846108977787","5726","7.144372216053002","5370","6.359771190354939","1.066294227188082"
"LC","Saint Lucia","2017","15 - 19","12053","7.3233121081028525","6154","7.678390956617216","5899","6.9862737899262175","1.043227665706052"
"LC","Saint Lucia","2017","20 - 24","13290","8.074904000388859","6714","8.377107065766653","6576","7.788054999585489","1.020985401459854"
"LC","Saint Lucia","2017","25 - 29","11851","7.200578428036747","5806","7.244188803074351","6045","7.159183770148157","0.9604631927212572"
"LC","Saint Lucia","2017","30 - 34","12593","7.651412044913236","5992","7.476262367898985","6601","7.817662872911164","0.9077412513255567"
"LC","Saint Lucia","2017","35 - 39","11347","6.894351820347057","5533","6.903564699864","5814","6.885607020618922","0.9516683866529068"
"LC","Saint Lucia","2017","40 - 44","11807","7.173844359111457","5689","7.09820704455563","6118","7.245638760259128","0.9298790454396861"
"LC","Saint Lucia","2017","45 - 49","11975","7.275919895008021","5744","7.166830948132806","6231","7.379466347691179","0.9218424008987322"
"LC","Saint Lucia","2017","50 - 54","11197","6.80321294901084","5296","6.607858060813256","5901","6.988642419792271","0.8974750042365701"
"LC","Saint Lucia","2017","55 - 59","9073","5.512686530890002","4183","5.219159793878748","4890","5.791300022501984","0.8554192229038855"
"LC","Saint Lucia","2017","60 - 64","7391","4.490715986973217","3401","4.2434526557450685","3990","4.725416582777693","0.8523809523809524"
"LC","Saint Lucia","2017","65 - 69","5737","3.4857580323725266","2659","3.3176538111220637","3078","3.645321363857077","0.8638726445743989"
"LC","Saint Lucia","2017","70 - 74","4294","2.609002090118116","2005","2.501653212222541","2289","2.7108968816987815","0.8759283529925732"
"LC","Saint Lucia","2017","75 - 79","3356","2.03908034802897","1580","1.9713775936716285","1776","2.1033433210559354","0.8896396396396397"
"LC","Saint Lucia","2017","80 - 84","2660","1.6161959850289214","1202","1.4997442199957578","1458","1.7267311723533523","0.8244170096021948"
"LC","Saint Lucia","2017","85 - 89","1867","1.1343751518981189","792","0.9881842115113479","1075","1.273138553004015","0.7367441860465116"
"LC","Saint Lucia","2017","90 - 94","877","0.5328586010790842","338","0.4217250801651965","539","0.6383457489015478","0.62708719851577"
"LC","Saint Lucia","2017","95 - 99","275","0.1670879307830652","96","0.11977990442561792","179","0.21199237301183133","0.5363128491620112"
"LC","Saint Lucia","2017","100+","56","0.03402517863218782","17","0.021211024742036507","39","0.04618828238805263","0.4358974358974359"
"LC","Saint Lucia","2018","TOTAL","165115","100","80364","100","84751","100","0.9482365989781831"
"LC","Saint Lucia","2018","0 - 4","10685","6.471247312479181","5497","6.840127420237918","5188","6.121461693667332","1.0595605242868158"
"LC","Saint Lucia","2018","5 - 9","10828","6.557853617175907","5579","6.942163157632771","5249","6.193437245578223","1.0628691179272243"
"LC","Saint Lucia","2018","10 - 14","11040","6.6862489779850405","5697","7.088995072420487","5343","6.304350391145827","1.0662549129702414"
"LC","Saint Lucia","2018","15 - 19","11539","6.98846258668201","5895","7.33537404808123","5644","6.659508442378261","1.0444720056697379"
"LC","Saint Lucia","2018","20 - 24","12925","7.827877539896436","6525","8.119307152456322","6400","7.551533315241119","1.01953125"
"LC","Saint Lucia","2018","25 - 29","11808","7.151379341670956","5827","7.250759046339157","5981","7.057143868508926","0.9742517973583013"
"LC","Saint Lucia","2018","30 - 34","12465","7.549283832480393","5928","7.376437210691354","6537","7.7131833252704975","0.9068379990821478"
"LC","Saint Lucia","2018","35 - 39","11425","6.919419798322381","5556","6.913543377631775","5869","6.924992035492207","0.9466689384903731"
"LC","Saint Lucia","2018","40 - 44","11811","7.153196257154104","5702","7.095216763725051","6109","7.208174534813748","0.9333769847765592"
"LC","Saint Lucia","2018","45 - 49","11980","7.2555491627047815","5739","7.141257279378826","6241","7.363924909440596","0.9195641724082679"
"LC","Saint Lucia","2018","50 - 54","11429","6.921842352299912","5415","6.738091682843065","6014","7.096081462165637","0.9003990688393748"
"LC","Saint Lucia","2018","55 - 59","9588","5.806861884141356","4428","5.5099298193220845","5160","6.088423735413151","0.858139534883721"
"LC","Saint Lucia","2018","60 - 64","7618","4.613754050207431","3490","4.342740530585835","4128","4.870738988330521","0.8454457364341085"
"LC","Saint Lucia","2018","65 - 69","6137","3.716803440026648","2852","3.5488527201234383","3285","3.8760604594636052","0.8681887366818873"
"LC","Saint Lucia","2018","70 - 74","4471","2.707809708385065","2080","2.588223582698721","2391","2.8212056494908615","0.8699289000418235"
"LC","Saint Lucia","2018","75 - 79","3459","2.0949035520697694","1626","2.023294012244288","1833","2.1628063385682768","0.8870703764320785"
"LC","Saint Lucia","2018","80 - 84","2747","1.6636889440692848","1251","1.556667164401971","1496","1.7651709124376116","0.8362299465240641"
"LC","Saint Lucia","2018","85 - 89","1898","1.1495018623383702","808","1.00542531481758","1090","1.286120517752003","0.7412844036697248"
"LC","Saint Lucia","2018","90 - 94","916","0.5547648608545559","352","0.43800706784132193","564","0.6654788734056235","0.624113475177305"
"LC","Saint Lucia","2018","95 - 99","285","0.17260697089907034","98","0.12194514956945897","187","0.22064636405470145","0.5240641711229946"
"LC","Saint Lucia","2018","100+","61","0.036943948157344884","19","0.023642426957344084","42","0.049556937381269844","0.4523809523809524"
"LC","Saint Lucia","2019","TOTAL","165634","100","80574","100","85060","100","0.9472607571126264"
"LC","Saint Lucia","2019","0 - 4","10547","6.367653984085393","5425","6.73294114726835","5122","6.021631789325182","1.059156579461148"
"LC","Saint Lucia","2019","5 - 9","10694","6.4564038784307565","5511","6.839675329510761","5183","6.093345873501058","1.063283812463824"
"LC","Saint Lucia","2019","10 - 14","10988","6.633903667121485","5669","7.0357683620026314","5319","6.253233011991536","1.0658018424515887"
"LC","Saint Lucia","2019","15 - 19","11165","6.740765784802637","5714","7.091617643408544","5451","6.408417587585234","1.0482480278847919"
"LC","Saint Lucia","2019","20 - 24","12362","7.4634434959005995","6226","7.727058356293594","6136","7.213731483658593","1.0146675358539765"
"LC","Saint Lucia","2019","25 - 29","12009","7.250323001316154","5975","7.4155434755628375","6034","7.093816129790737","0.9902220749088498"
"LC","Saint Lucia","2019","30 - 34","12058","7.279906299431277","5753","7.140020353960335","6305","7.412414766047496","0.9124504361617763"
"LC","Saint Lucia","2019","35 - 39","11635","7.024523950396658","5611","6.963784843746122","6024","7.082059722548789","0.9314409030544488"
"LC","Saint Lucia","2019","40 - 44","11754","7.096369102961953","5685","7.055625884280289","6069","7.134963555137549","0.9367276322293623"
"LC","Saint Lucia","2019","45 - 49","11969","7.22617337020177","5732","7.113957355970908","6237","7.332471196802256","0.9190315856982524"
"LC","Saint Lucia","2019","50 - 54","11625","7.018486542618062","5517","6.847121900364882","6108","7.180813543381142","0.9032416502946955"
"LC","Saint Lucia","2019","55 - 59","10076","6.083292077713513","4660","5.783503363367836","5416","6.36727016223842","0.8604135893648449"
"LC","Saint Lucia","2019","60 - 64","7877","4.755666107200213","3599","4.466701417330652","4278","5.029391018104867","0.8412809724170173"
"LC","Saint Lucia","2019","65 - 69","6533","3.944238501756886","3037","3.7692059473279222","3496","4.110039971784623","0.8687070938215103"
"LC","Saint Lucia","2019","70 - 74","4679","2.8249030996051534","2170","2.69317645890734","2509","2.9496825770044675","0.8648864089278597"
"LC","Saint Lucia","2019","75 - 79","3574","2.157769540070275","1671","2.073869982872887","1903","2.237244298142488","0.8780872306883868"
"LC","Saint Lucia","2019","80 - 84","2837","1.7128125867877368","1306","1.6208702559138182","1531","1.7999059487420643","0.8530372305682561"
"LC","Saint Lucia","2019","85 - 89","1941","1.171860849825519","825","1.0239034924417305","1116","1.3120150482012698","0.739247311827957"
"LC","Saint Lucia","2019","90 - 94","945","0.5705350350773392","364","0.45175863181671505","581","0.6830472607571126","0.6265060240963856"
"LC","Saint Lucia","2019","95 - 99","302","0.1823297149136047","104","0.12907389480477574","198","0.23277686339054784","0.5252525252525253"
"LC","Saint Lucia","2019","100+","64","0.03863940978301556","20","0.024821902847072256","44","0.05172819186456619","0.45454545454545453"
"LC","Saint Lucia","2020","TOTAL","166141","100","80776","100","85365","100","0.9462426052831957"
"LC","Saint Lucia","2020","0 - 4","10400","6.259743230147887","5348","6.620778449044271","5052","5.918116324020383","1.058590657165479"
"LC","Saint Lucia","2020","5 - 9","10566","6.359658362475247","5445","6.740863622858274","5121","5.998945703742751","1.063268892794376"
"LC","Saint Lucia","2020","10 - 14","10888","6.553469643254825","5616","6.952560166386055","5272","6.175833186903298","1.0652503793626706"
"LC","Saint Lucia","2020","15 - 19","10805","6.5035120770911465","5542","6.86094879667228","5263","6.165290224330815","1.0530115903477104"
"LC","Saint Lucia","2020","20 - 24","11808","7.107216159767908","5926","7.336337525997822","5882","6.89041176126047","1.0074804488269296"
"LC","Saint Lucia","2020","25 - 29","12263","7.381079926086878","6142","7.603743686243439","6121","7.170385989574181","1.0034308119588302"
"LC","Saint Lucia","2020","30 - 34","11555","6.954935867726811","5540","6.858472813707042","6015","7.04621331927605","0.9210307564422278"
"LC","Saint Lucia","2020","35 - 39","12005","7.22579014210821","5748","7.11597504209171","6257","7.3297018684472555","0.9186511107559533"
"LC","Saint Lucia","2020","40 - 44","11588","6.974798514514779","5616","6.952560166386055","5972","6.995841386985298","0.9403884795713329"
"LC","Saint Lucia","2020","45 - 49","11972","7.20592749532024","5726","7.088739229474101","6246","7.316816025303111","0.9167467178994556"
"LC","Saint Lucia","2020","50 - 54","11792","7.097585785567681","5604","6.937704268594633","6188","7.248872488724888","0.9056237879767292"
"LC","Saint Lucia","2020","55 - 59","10480","6.307895101149024","4858","6.014162622561157","5622","6.585837286944297","0.864105300604767"
"LC","Saint Lucia","2020","60 - 64","8205","4.938576269554174","3742","4.6325641279588","4463","5.228137995665671","0.8384494734483531"
"LC","Saint Lucia","2020","65 - 69","6889","4.146477991585461","3201","3.962810735862137","3688","4.320271774146313","0.8679501084598699"
"LC","Saint Lucia","2020","70 - 74","4934","2.9697666439951607","2286","2.8300485292661186","2648","3.101973876881626","0.8632930513595166"
"LC","Saint Lucia","2020","75 - 79","3716","2.236654408002841","1723","2.133059324551847","1993","2.3346804896620394","0.8645258404415455"
"LC","Saint Lucia","2020","80 - 84","2928","1.7623584786416358","1356","1.678716450430821","1572","1.8415041293270076","0.8625954198473282"
"LC","Saint Lucia","2020","85 - 89","1985","1.1947682992157265","851","1.0535307517084282","1134","1.3284132841328413","0.7504409171075838"
"LC","Saint Lucia","2020","90 - 94","976","0.5874528262138786","375","0.4642468059819748","601","0.7040356117846893","0.6239600665557404"
"LC","Saint Lucia","2020","95 - 99","317","0.1908017888420077","110","0.13617906308804595","207","0.24248813916710596","0.5314009661835749"
"LC","Saint Lucia","2020","100+","69","0.04153098873848117","21","0.02599782113499059","48","0.056229133719908626","0.4375"
"LC","Saint Lucia","2021","TOTAL","166637","100","80972","100","85665","100","0.9452168330123154"
"LC","Saint Lucia","2021","0 - 4","10245","6.148094360796222","5269","6.5071876698117865","4976","5.808673320492617","1.0588826366559485"
"LC","Saint Lucia","2021","5 - 9","10444","6.2675156177799645","5379","6.643037099244182","5065","5.9125663923422636","1.0619940769990128"
"LC","Saint Lucia","2021","10 - 14","10742","6.446347449846073","5540","6.841871264140691","5202","6.072491682717562","1.064975009611688"
"LC","Saint Lucia","2021","15 - 19","10549","6.330526833776412","5418","6.691201896952033","5131","5.989610692815035","1.0559345156889495"
"LC","Saint Lucia","2021","20 - 24","11321","6.793809298055054","5698","7.0370004445981325","5623","6.5639409327029705","1.0133380757602704"
"LC","Saint Lucia","2021","25 - 29","12221","7.333905435167459","6118","7.555698266067283","6103","7.124263117959494","1.002457807635589"
"LC","Saint Lucia","2021","30 - 34","11278","6.768004704837462","5435","6.712196808773403","5843","6.820755267612211","0.9301728564093787"
"LC","Saint Lucia","2021","35 - 39","12212","7.328504473796335","5819","7.186434816973769","6393","7.4627911048853095","0.9102142968872204"
"LC","Saint Lucia","2021","40 - 44","11515","6.910230020943728","5587","6.899916020352714","5928","6.9199789879180535","0.9424763832658569"
"LC","Saint Lucia","2021","45 - 49","11991","7.1958808667942895","5737","7.085165242305982","6254","7.3005311387381076","0.9173329069395587"
"LC","Saint Lucia","2021","50 - 54","11912","7.148472428092201","5667","6.998715605394458","6245","7.2900250977645475","0.9074459567654123"
"LC","Saint Lucia","2021","55 - 59","10804","6.483554072624926","5018","6.197203971743319","5786","6.754217008112998","0.8672658140338748"
"LC","Saint Lucia","2021","60 - 64","8628","5.177721634450933","3930","4.853529615175616","4698","5.484153388198214","0.8365261813537676"
"LC","Saint Lucia","2021","65 - 69","7197","4.3189687764422064","3333","4.1162377118016105","3864","4.510593591315006","0.8625776397515528"
"LC","Saint Lucia","2021","70 - 74","5243","3.146360052089272","2435","3.0072123697080473","2808","3.2778847837506566","0.8671652421652422"
"LC","Saint Lucia","2021","75 - 79","3854","2.312811680479125","1779","2.197055772365756","2075","2.4222261133485086","0.8573493975903614"
"LC","Saint Lucia","2021","80 - 84","3033","1.8201239820688082","1410","1.7413426863607175","1623","1.8945893888986167","0.8687615526802218"
"LC","Saint Lucia","2021","85 - 89","2038","1.2230176971500928","877","1.0830904510201058","1161","1.3552792855892137","0.7553832902670112"
"LC","Saint Lucia","2021","90 - 94","1005","0.6031073531088534","388","0.4791779874524527","617","0.7202474756318216","0.6288492706645057"
"LC","Saint Lucia","2021","95 - 99","331","0.19863535709356267","112","0.13831941905843995","219","0.2556469970232884","0.5114155251141552"
"LC","Saint Lucia","2021","100+","74","0.04440790460702005","23","0.02840488069950106","51","0.059534232183505516","0.45098039215686275"
"LC","Saint Lucia","2022","TOTAL","167122","100","81162","100","85960","100","0.9441833410888786"
"LC","Saint Lucia","2022","0 - 4","10080","6.031521882217781","5184","6.387225548902195","4896","5.695672405770125","1.0588235294117647"
"LC","Saint Lucia","2022","5 - 9","10320","6.175129546080109","5313","6.546166925408442","5007","5.824802233597022","1.061114439784302"
"LC","Saint Lucia","2022","10 - 14","10596","6.340278359521786","5466","6.734678790567014","5130","5.967892042810609","1.0654970760233917"
"LC","Saint Lucia","2022","15 - 19","10405","6.225990593698017","5343","6.5831300362238485","5062","5.888785481619358","1.0555116554721453"
"LC","Saint Lucia","2022","20 - 24","10807","6.4665334306674165","5466","6.734678790567014","5341","6.213355048859935","1.0234038569556263"
"LC","Saint Lucia","2022","25 - 29","12054","7.212694917485429","6010","7.404943200019713","6044","7.031177291763611","0.9943745863666446"
"LC","Saint Lucia","2022","30 - 34","11156","6.675362908533885","5405","6.659520465242355","5751","6.690321079571894","0.9398365501651886"
"LC","Saint Lucia","2022","35 - 39","12256","7.333564701236223","5812","7.160986668638032","6444","7.496510004653327","0.9019242706393544"
"LC","Saint Lucia","2022","40 - 44","11486","6.8728234463445865","5590","6.887459648604026","5896","6.859004187994416","0.9481004070556309"
"LC","Saint Lucia","2022","45 - 49","12015","7.189358672107801","5764","7.101845691333383","6251","7.271986970684038","0.9220924652055671"
"LC","Saint Lucia","2022","50 - 54","11963","7.1582436782709635","5685","7.004509499519479","6278","7.303396928804094","0.9055431666135711"
"LC","Saint Lucia","2022","55 - 59","11090","6.6358708009717455","5166","6.365047682412952","5924","6.891577477896696","0.8720459149223497"
"LC","Saint Lucia","2022","60 - 64","9129","5.462476514163306","4164","5.130479781178384","4965","5.775942298743602","0.8386706948640483"
"LC","Saint Lucia","2022","65 - 69","7454","4.460214693457474","3440","4.238436706833247","4014","4.669613773848302","0.8570004982561036"
"LC","Saint Lucia","2022","70 - 74","5609","3.356230777515827","2601","3.2047017076957194","3008","3.4993020009306655","0.8646941489361702"
"LC","Saint Lucia","2022","75 - 79","4007","2.3976496212347866","1848","2.2769276262290234","2159","2.511633317822243","0.8559518295507179"
"LC","Saint Lucia","2022","80 - 84","3135","1.875875109201661","1450","1.7865503560779674","1685","1.9602140530479293","0.8605341246290801"
"LC","Saint Lucia","2022","85 - 89","2107","1.2607556156580224","916","1.1286069835637367","1191","1.3855281526291297","0.7691015952980689"
"LC","Saint Lucia","2022","90 - 94","1026","0.6139227630114528","398","0.490377270151056","628","0.7305723592368543","0.6337579617834395"
"LC","Saint Lucia","2022","95 - 99","349","0.2088294778664688","118","0.14538823587393115","231","0.2687296416938111","0.5108225108225108"
"LC","Saint Lucia","2022","100+","78","0.04667249075525664","23","0.028338384958478107","55","0.06398324802233597","0.41818181818181815"
"LC","Saint Lucia","2023","TOTAL","167591","100","81345","100","86246","100","0.9431741761936785"
"LC","Saint Lucia","2023","0 - 4","9902","5.908431837031822","5092","6.259757821623947","4810","5.57707024093871","1.0586278586278586"
"LC","Saint Lucia","2023","5 - 9","10198","6.085052299944508","5252","6.456450918925564","4946","5.73475871344758","1.061868176304084"
"LC","Saint Lucia","2023","10 - 14","10454","6.237805132733858","5390","6.626098715348208","5064","5.871576652830276","1.0643759873617693"
"LC","Saint Lucia","2023","15 - 19","10355","6.178732748178602","5317","6.536357489704346","5038","5.841430327203581","1.055379118697896"
"LC","Saint Lucia","2023","20 - 24","10347","6.173959222153934","5236","6.436781609195402","5111","5.926071933770841","1.0244570534142046"
"LC","Saint Lucia","2023","25 - 29","11732","7.000375915174442","5845","7.185444710799681","5887","6.825823806321453","0.9928656361474435"
"LC","Saint Lucia","2023","30 - 34","11109","6.628637576003485","5422","6.665437334808531","5687","6.593928993808408","0.9534024969228064"
"LC","Saint Lucia","2023","35 - 39","12142","7.245019123938637","5754","7.073575511709386","6388","7.4067203116666285","0.9007514088916719"
"LC","Saint Lucia","2023","40 - 44","11564","6.900131868656431","5613","6.900239719712337","5951","6.900030146325626","0.9432028230549487"
"LC","Saint Lucia","2023","45 - 49","12026","7.175802996580962","5782","7.107996803737168","6244","7.239756046657236","0.9260089686098655"
"LC","Saint Lucia","2023","50 - 54","11970","7.142388314408292","5682","6.985063617923659","6288","7.2907729054101065","0.9036259541984732"
"LC","Saint Lucia","2023","55 - 59","11333","6.762296304694167","5291","6.504394861392833","6042","7.005542286019062","0.8757034094670639"
"LC","Saint Lucia","2023","60 - 64","9656","5.761645911773305","4412","5.423812158092077","5244","6.080281984092016","0.8413424866514111"
"LC","Saint Lucia","2023","65 - 69","7692","4.589745272717509","3534","4.344458786649456","4158","4.821093152146187","0.84992784992785"
"LC","Saint Lucia","2023","70 - 74","6009","3.5855147352781476","2793","3.433523879771344","3216","3.7288685852097494","0.8684701492537313"
"LC","Saint Lucia","2023","75 - 79","4176","2.491780584876276","1920","2.360317167619399","2256","2.615773485147137","0.851063829787234"
"LC","Saint Lucia","2023","80 - 84","3244","1.9356648030025478","1498","1.841539123486385","1746","2.024441713238875","0.8579610538373424"
"LC","Saint Lucia","2023","85 - 89","2182","1.3019792232279777","955","1.174011924519024","1227","1.4226746747675256","0.778321108394458"
"LC","Saint Lucia","2023","90 - 94","1050","0.6265252907375695","408","0.5015673981191223","642","0.7443823481668715","0.6355140186915887"
"LC","Saint Lucia","2023","95 - 99","367","0.21898550638160763","125","0.15366648226688795","242","0.2805927231407834","0.5165289256198347"
"LC","Saint Lucia","2023","100+","83","0.04952533250592216","24","0.029503964595242488","59","0.068408969691348","0.4067796610169492"